DROP DATABASE ELECTIVE;
CREATE DATABASE ELECTIVE;

USE ELECTIVE;

-- DROP TABLE STUDENT CASCADE;
-- DROP TABLE FACULTY CASCADE;
-- DROP TABLE LOGIN CASCADE;
-- DROP TABLE DEPARTMENT CASCADE;
-- DROP TABLE ELECTIVE CASCADE;

CREATE TABLE DEPARTMENT (
	DEPARTMENT_ID VARCHAR(100) NOT NULL,
	DEPARTMENT_NAME VARCHAR(30) NOT NULL,
	FACULTY_ID_MANAGE VARCHAR(100),
	PRIMARY KEY(DEPARTMENT_ID)
);

CREATE TABLE FACULTY (
	
	FACULTY_ID VARCHAR(100) NOT NULL,
	FACULTY_NAME VARCHAR(30) NOT NULL,
    FACULTY_EMAIL VARCHAR(320) NOT NULL,
	DEPARTMENT_ID VARCHAR(100) NOT NULL,
	PRIMARY KEY(FACULTY_ID),
	FOREIGN KEY(DEPARTMENT_ID) REFERENCES DEPARTMENT(DEPARTMENT_ID),
    UNIQUE(FACULTY_EMAIL)
);

CREATE TABLE ELECTIVE (
	ELECTIVE_NAME VARCHAR(30) NOT NULL,
	COURSE_CODE VARCHAR(100) NOT NULL,
	NUMBER_OF_CREDITS SMALLINT NOT NULL,
	CORRESPONDING_YEAR SMALLINT NOT NULL,
	DEPARTMENT_ID VARCHAR(100) NOT NULL,
	FACULTY_ID VARCHAR(100) NOT NULL,
    MAX_NO_OF_STUDENTS INTEGER NOT NULL,
	PRIMARY KEY(COURSE_CODE,FACULTY_ID),
	FOREIGN KEY(DEPARTMENT_ID) REFERENCES DEPARTMENT(DEPARTMENT_ID),
	FOREIGN KEY(FACULTY_ID) REFERENCES FACULTY(FACULTY_ID)
);

CREATE TABLE STUDENT_LINK_LOGIN (
    SRN	VARCHAR(13) NOT NULL,
	EMAIL_ID VARCHAR(320) NOT NULL,
    completed TINYINT(1) DEFAULT false,
    TOKEN VARCHAR(64) DEFAULT NULL,
	PRIMARY KEY(SRN),
    UNIQUE(EMAIL_ID)

);

CREATE TABLE STUDENT (
	NAME_OF_THE_STUDENT VARCHAR(30)	NOT NULL,
	SRN	VARCHAR(13) NOT NULL,
	EMAIL_ID VARCHAR(320) NOT NULL,
	YEAR_OF_STUDY SMALLINT NOT NULL,
	SECTION VARCHAR(10) NOT NULL,
	DEPARTMENT_ID VARCHAR(100) NOT NULL,
	COURSE_CODE_1 VARCHAR(100) NOT NULL ,
	COURSE_CODE_2 VARCHAR(100) NOT NULL,
	FACULTY_ID_1 VARCHAR(100) NOT NULL,
	FACULTY_ID_2 VARCHAR(100) NOT NULL,
	PRIMARY KEY(SRN),
    FOREIGN KEY(EMAIL_ID) REFERENCES STUDENT_LINK_LOGIN(EMAIL_ID),
	FOREIGN KEY(SRN) REFERENCES STUDENT_LINK_LOGIN(SRN),
	FOREIGN KEY(DEPARTMENT_ID) REFERENCES DEPARTMENT(DEPARTMENT_ID),
	FOREIGN KEY(COURSE_CODE_1) REFERENCES ELECTIVE(COURSE_CODE),
	FOREIGN KEY(COURSE_CODE_2) REFERENCES ELECTIVE(COURSE_CODE),
	FOREIGN KEY(FACULTY_ID_1) REFERENCES FACULTY(FACULTY_ID),
	FOREIGN KEY(FACULTY_ID_2) REFERENCES FACULTY(FACULTY_ID),
    UNIQUE(EMAIL_ID)

    );

CREATE TABLE TEACHER_LOGIN (
	FACULTY_EMAIL VARCHAR(320) NOT NULL,
	FACULTY_PASSWORD VARCHAR(64) DEFAULT NULL,
    TOKEN VARCHAR(64) DEFAULT NULL,
	PRIMARY KEY(FACULTY_EMAIL),
	FOREIGN KEY(FACULTY_EMAIL) REFERENCES FACULTY(FACULTY_EMAIL)
);
CREATE TABLE ADMIN_LOGIN (
	ADMIN_EMAIL VARCHAR(320) NOT NULL,
	ADMIN_PASSWORD VARCHAR(64) DEFAULT NULL,
    TOKEN VARCHAR(64) DEFAULT NULL,
	PRIMARY KEY(ADMIN_EMAIL),
	FOREIGN KEY(ADMIN_EMAIL) REFERENCES FACULTY(FACULTY_EMAIL)
);

USE ELECTIVE;
INSERT INTO department VALUES ('05','CIVIL',NULL);
INSERT INTO department VALUES ('02','ECE',NULL);
INSERT INTO department VALUES ('03','ME',NULL);
INSERT INTO department VALUES ('04','EEE',NULL);
INSERT INTO department VALUES ('01','CSE',NULL);
INSERT INTO department VALUES ('06','BT',NULL);

INSERT INTO faculty VALUES ('CSF01','Prof.N S Kumar','n.s.kumar@pes.edu','01');
INSERT INTO faculty VALUES ('CSF02','Prof.H L Phalachandra','h.l.phalachandra@pes.edu','01');
INSERT INTO faculty VALUES ('CSF03','Prof.H B Prasad','h.b.prasad@pes.edu','01');
INSERT INTO faculty VALUES ('CSF04','Prof.Bhaskarjyoti Das','bhaskarjyoti.das@pes.edu','01');
INSERT INTO faculty VALUES ('CSF05','Prof.Ashwini M Joshi','ashwini.m.joshi@pes.edu','01');
INSERT INTO faculty VALUES ('CSF06','Dr.Swati Chintapalli','swati.chintapalli@pes.edu','01');
INSERT INTO faculty VALUES ('CSF07','Dr.Antony Louis Piriyakumar','antony.louis.piriyakumar@pes.edu','01');
INSERT INTO faculty VALUES ('CSF08','Prof.Shivaraman','shivaraman@pes.edu','01');
INSERT INTO faculty VALUES ('CSF09','Prof.D Krupesha','d.krupesha@pes.edu','01');
INSERT INTO faculty VALUES ('CSF10','Prof.Shrikanth M Prabhu','shrikanth.m.prabhu@pes.edu','01');
INSERT INTO faculty VALUES ('CSF11','Prof.Raghu BA','raghu.ba@pes.edu','01');
INSERT INTO faculty VALUES ('CSF12','Prof.Dr.Natarajan','dr.natarajan@pes.edu','01');
INSERT INTO faculty VALUES ('CSF13','Prof.Dr.Reetinder Sidhu','dr.reetinder.sidhu@pes.edu','01');
INSERT INTO faculty VALUES ('CSF14','Prof.Dr.Ananth Koppar','dr.ananth.koppar@pes.edu','01');
INSERT INTO faculty VALUES ('CSF15','Mr.Ayush Aggarwal','ayush.aggarwal@pes.edu','01');
INSERT INTO faculty VALUES ('CSF16','Prof.Dr.Oshin','dr.oshin@pes.edu','01');
INSERT INTO faculty VALUES ('CSF17','Rachana J','rachana.jayaram@gmail.com','01');
INSERT INTO faculty VALUES ('CSF99','Admin Admin','admin@admin.com','01');

INSERT INTO elective VALUES ('Generic Programming', 'UE16CS335', 4, 3, '01', 'CSF01', 130);
INSERT INTO elective VALUES ('Storage Area Networks', 'UE16CS332', 4, 3, '01', 'CSF02', 130);
INSERT INTO elective VALUES ('Natural Language Processing', 'UE16CS333', 4, 3, '01', 'CSF04', 130);
INSERT INTO elective VALUES ('Natural Language Processing', 'UE16CS333', 4, 3, '01', 'CSF05', 130);
INSERT INTO elective VALUES ('Natural Language Processing', 'UE16CS333', 4, 3, '01', 'CSF06', 130);
INSERT INTO elective VALUES ('Drone Computing', 'UE16CS336', 4, 3, '01', 'CSF07', 130);
INSERT INTO elective VALUES ('Computer Network Security', 'UE16CS331', 4, 3, '01', 'CSF03', 130);
INSERT INTO elective VALUES ('Computer Network Security', 'UE16CS331', 4, 3, '01', 'CSF08', 130);
INSERT INTO elective VALUES ('System Modeling and Simulation', 'UE16CS343', 4, 3, '01', 'CSF10', 130);
INSERT INTO elective VALUES ('Knowledge Management', 'UE16CS342', 4, 3, '01', 'CSF09', 130);
INSERT INTO elective VALUES ('Knowledge Management', 'UE16CS342', 4, 3, '01', 'CSF11', 130);
INSERT INTO elective VALUES ('Digital Image Processing', 'UE16CS345', 4, 3, '01', 'CSF12', 130);
INSERT INTO elective VALUES ('Reconfigurable Computing', 'UE16CS347', 4, 3, '01', 'CSF13', 130);
INSERT INTO elective VALUES ('Knowledge Management', 'UE16CS342', 4, 3, '01', 'CSF14', 130);
INSERT INTO elective VALUES ('Knowledge Management', 'UE16CS342', 4, 3, '01', 'CSF17', 130);
INSERT INTO elective VALUES ('Advanced Computer Networks', 'UE16CS346', 4, 3, '01', 'CSF15', 130);
INSERT INTO elective VALUES ('Advanced Computer Networks', 'UE16CS346', 4, 3, '01', 'CSF16', 130);
INSERT INTO elective VALUES ('Advanced Computer Networks', 'UE16CS346', 4, 3, '01', 'CSF17', 130);
INSERT INTO student_link_login VALUES ( '01FB15ECS243' , 'rohit.raghavan@boohoo.com' ,true,Null);
INSERT INTO student_link_login VALUES ( '01FB15ECS371' , 'swathi.krishnan@boohoo.com' ,true,Null);
INSERT INTO student_link_login VALUES ( '01FB16ECS018' , 'abhishek.saseendran@boohoo.com' ,true,Null);
INSERT INTO student_link_login VALUES ( '01FB16ECS035' , 'aishwarya.p.s@boohoo.com' ,true,Null);
INSERT INTO student_link_login VALUES ( '01FB16ECS068' , 'aparna.dvs@boohoo.com' ,true,Null);
INSERT INTO student_link_login VALUES ( '01FB16ECS086' , 'b.shashank@boohoo.com' ,true,Null);
INSERT INTO student_link_login VALUES ( '01FB16ECS096' , 'chetan@boohoo.com' ,true,Null);
INSERT INTO student_link_login VALUES ( '01FB16ECS098 ' , 'chirag.kavdia@boohoo.com' ,true,Null);
INSERT INTO student_link_login VALUES ( '01FB16ECS105' , 'debanik.mishra@boohoo.com' ,true,Null);
INSERT INTO student_link_login VALUES ( '01FB16ECS108' , 'deepika.h@boohoo.com' ,true,Null);
INSERT INTO student_link_login VALUES ( '01FB16ECS134' , 'hemanth.svs@boohoo.com' ,true,Null);
INSERT INTO student_link_login VALUES ( '01FB16ECS135' , 'hemant.kumar@boohoo.com' ,true,Null);
INSERT INTO student_link_login VALUES ( '01FB16ECS225' , 'neha.m@boohoo.com' ,true,Null);
INSERT INTO student_link_login VALUES ( '01FB16ECS269' , 'pratheeksha.d.r@boohoo.com' ,true,Null);
INSERT INTO student_link_login VALUES ( '01FB16ECS303' , 'ritabhash.das@boohoo.com' ,true,Null);
INSERT INTO student_link_login VALUES ( '01FB16ECS316' , 'ruqaiyanaaz.kittur@boohoo.com' ,true,Null);
INSERT INTO student_link_login VALUES ( '01FB16ECS322' , 'saahitya.edamadaka@boohoo.com' ,true,Null);
INSERT INTO student_link_login VALUES ( '01FB16ECS347' , 'shaik.jameer@boohoo.com' ,true,Null);
INSERT INTO student_link_login VALUES ( '01FB16ECS350' , 'shalini.sai.prasad@boohoo.com' ,true,Null);
INSERT INTO student_link_login VALUES ( '01FB16ECS353' , 'shardul.pande@boohoo.com' ,true,Null);
INSERT INTO student_link_login VALUES ( '01FB16ECS366 ' , 'shivangi.jadon@boohoo.com' ,true,Null);
INSERT INTO student_link_login VALUES ( '01FB16ECS398' , 'subramanya.r.karthik@boohoo.com' ,true,Null);
INSERT INTO student_link_login VALUES ( '01FB16ECS410' , 'sushmeendra.rudravaram@boohoo.com' ,true,Null);
INSERT INTO student_link_login VALUES ( '01FB16ECS428' , 'aishwarya.v@boohoo.com' ,true,Null);
INSERT INTO student_link_login VALUES ( '01FB16ECS457' , 'yash.patil@boohoo.com' ,true,Null);
INSERT INTO student_link_login VALUES ( '01FB16ECS470' , 'komma.hithesh.reddy@boohoo.com' ,true,Null);
INSERT INTO student_link_login VALUES ( '01FB17ECS705' , 'bharamappa@boohoo.com' ,true,Null);
INSERT INTO student_link_login VALUES ( '01FB16ECS003' , 'a.v.nithin@boohoo.com' ,true,Null);
INSERT INTO student_link_login VALUES ( '01FB16ECS004' , 'a.s.swaroop@boohoo.com' ,true,Null);
INSERT INTO student_link_login VALUES ( '01FB16ECS020' , 'aby.babu.alappat@boohoo.com' ,true,Null);
INSERT INTO student_link_login VALUES ( '01FB16ECS026' , 'aditya.arora@boohoo.com' ,true,Null);
INSERT INTO student_link_login VALUES ( '01FB16ECS037' , 'ajay.kumar.k.t@boohoo.com' ,true,Null);
INSERT INTO student_link_login VALUES ( '01FB16ECS040' , 'akash.h.p@boohoo.com' ,true,Null);
INSERT INTO student_link_login VALUES ( '01FB16ECS041' , 'akash.n@boohoo.com' ,true,Null);
INSERT INTO student_link_login VALUES ( '01FB16ECS043' , 'a.sampath.kumar@boohoo.com' ,true,Null);
INSERT INTO student_link_login VALUES ( '01FB16ECS046' , 'akshari.nataraj@boohoo.com' ,true,Null);
INSERT INTO student_link_login VALUES ( '01FB16ECS048' , 'akshay.ubale@boohoo.com' ,true,Null);
INSERT INTO student_link_login VALUES ( '01FB16ECS051' , 'altamash.sameer@boohoo.com' ,true,Null);
INSERT INTO student_link_login VALUES ( '01FB16ECS053' , 'amar.ananth@boohoo.com' ,true,Null);
INSERT INTO student_link_login VALUES ( '01FB16ECS070' , 'apurva.banka@boohoo.com' ,true,Null);
INSERT INTO student_link_login VALUES ( '01FB16ECS075' , 'ashish.sanu@boohoo.com' ,true,Null);
INSERT INTO student_link_login VALUES ( '01FB16ECS083' , 'avinash@boohoo.com' ,true,Null);
INSERT INTO student_link_login VALUES ( '01FB16ECS088' , 'bhavana.j@boohoo.com' ,true,Null);
INSERT INTO student_link_login VALUES ( '01FB16ECS090' , 'bhumika.ramesh@boohoo.com' ,true,Null);
INSERT INTO student_link_login VALUES ( '01FB16ECS091' , 'bilal.shakil.belgaumwala@boohoo.com' ,true,Null);
INSERT INTO student_link_login VALUES ( '01FB16ECS094' , 'chandan.gajanana.bhatta@boohoo.com' ,true,Null);
INSERT INTO student_link_login VALUES ( '01FB16ECS110' , 'devashish.narula@boohoo.com' ,true,Null);
INSERT INTO student_link_login VALUES ( '01FB16ECS116' , 'divya.m@boohoo.com' ,true,Null);
INSERT INTO student_link_login VALUES ( '01FB16ECS125' , 'gurudas.k.bhat@boohoo.com' ,true,Null);
INSERT INTO student_link_login VALUES ( '01FB16ECS145' , 'jashwanth.k@boohoo.com' ,true,Null);
INSERT INTO student_link_login VALUES ( '01FB16ECS147' , 'jeevan.n.m@boohoo.com' ,true,Null);
INSERT INTO student_link_login VALUES ( '01FB16ECS155' , 'karthik.janardhan@boohoo.com' ,true,Null);
INSERT INTO student_link_login VALUES ( '01FB16ECS176' , 'lakshmiprasad.manas@boohoo.com' ,true,Null);
INSERT INTO student_link_login VALUES ( '01FB16ECS183' , 'm.pradeep.kumar@boohoo.com' ,true,Null);
INSERT INTO student_link_login VALUES ( '01FB16ECS185' , 'm.sumukha@boohoo.com' ,true,Null);
INSERT INTO student_link_login VALUES ( '01FB16ECS198' , 'manthena.siva.sai.varma@boohoo.com' ,true,Null);
INSERT INTO student_link_login VALUES ( '01FB16ECS205' , 'meghana.ganesh@boohoo.com' ,true,Null);
INSERT INTO student_link_login VALUES ( '01FB16ECS224' , 'neha.b.garg@boohoo.com' ,true,Null);
INSERT INTO student_link_login VALUES ( '01FB16ECS231' , 'nikhita.uppaladinni@boohoo.com' ,true,Null);
INSERT INTO student_link_login VALUES ( '01FB16ECS240' , 'omkaram.dhanush@boohoo.com' ,true,Null);
INSERT INTO student_link_login VALUES ( '01FB16ECS246' , 'bhargava.sai.paritala@boohoo.com' ,true,Null);
INSERT INTO student_link_login VALUES ( '01FB16ECS247' , 'paromita.roy@boohoo.com' ,true,Null);
INSERT INTO student_link_login VALUES ( '01FB16ECS250' , 'p.sujith.varma@boohoo.com' ,true,Null);
INSERT INTO student_link_login VALUES ( '01FB16ECS261' , 'prajwal.nadagouda@boohoo.com' ,true,Null);
INSERT INTO student_link_login VALUES ( '01FB16ECS262' , 'prajwal.s@boohoo.com' ,true,Null);
INSERT INTO student_link_login VALUES ( '01FB16ECS265' , 'pranav.pahwa@boohoo.com' ,true,Null);
INSERT INTO student_link_login VALUES ( '01FB16ECS270' , 't.a.prathith@boohoo.com' ,true,Null);
INSERT INTO student_link_login VALUES ( '01FB16ECS272' , 'preetham.upadhya@boohoo.com' ,true,Null);
INSERT INTO student_link_login VALUES ( '01FB16ECS273' , 'preethishchandra.b.yadagere@boohoo.com' ,true,Null);
INSERT INTO student_link_login VALUES ( '01FB16ECS281' , 'r.ruthuvikas@boohoo.com' ,true,Null);
INSERT INTO student_link_login VALUES ( '01FB16ECS285' , 'raghav.goel@boohoo.com' ,true,Null);
INSERT INTO student_link_login VALUES ( '01FB16ECS289' , 'rahul.maheshwari@boohoo.com' ,true,Null);
INSERT INTO student_link_login VALUES ( '01FB16ECS290' , 'rahul.sharma@boohoo.com' ,true,Null);
INSERT INTO student_link_login VALUES ( '01FB16ECS292' , 'rakesh.reddy@boohoo.com' ,true,Null);
INSERT INTO student_link_login VALUES ( '01FB16ECS300' , 'ravindrakumar.s.horatti@boohoo.com' ,true,Null);
INSERT INTO student_link_login VALUES ( '01FB16ECS310' , 'rohan.sharath@boohoo.com' ,true,Null);
INSERT INTO student_link_login VALUES ( '01FB16ECS312' , 'rohit.r@boohoo.com' ,true,Null);
INSERT INTO student_link_login VALUES ( '01FB16ECS315' , 'royal.mehta@boohoo.com' ,true,Null);
INSERT INTO student_link_login VALUES ( '01FB16ECS325' , 'sadhvi.patil@boohoo.com' ,true,Null);
INSERT INTO student_link_login VALUES ( '01FB16ECS326 ' , 'sagar.s.kumar@boohoo.com' ,true,Null);
INSERT INTO student_link_login VALUES ( '01FB16ECS327' , 'sahitya.belgavi@boohoo.com' ,true,Null);
INSERT INTO student_link_login VALUES ( '01FB16ECS338' , 'samyama.y@boohoo.com' ,true,Null);
INSERT INTO student_link_login VALUES ( '01FB16ECS346' , 'shadan.alam.kaifee@boohoo.com' ,true,Null);
INSERT INTO student_link_login VALUES ( '01FB16ECS354' , 'sharmishta.singh@boohoo.com' ,true,Null);
INSERT INTO student_link_login VALUES ( '01FB16ECS359' , 'shashank.shekhar.pathak@boohoo.com' ,true,Null);
INSERT INTO student_link_login VALUES ( '01FB16ECS380' , 'shubham.sharma@boohoo.com' ,true,Null);
INSERT INTO student_link_login VALUES ( '01FB16ECS392' , 'sonam.rathod@boohoo.com' ,true,Null);
INSERT INTO student_link_login VALUES ( '01FB16ECS395' , 'sreerama.priyanka@boohoo.com' ,true,Null);
INSERT INTO student_link_login VALUES ( '01FB16ECS400' , 'suman.shaw@boohoo.com' ,true,Null);
INSERT INTO student_link_login VALUES ( '01FB16ECS433' , 'varshini.n@boohoo.com' ,true,Null);
INSERT INTO student_link_login VALUES ( '01FB16ECS459' , 'yeshaswini.m@boohoo.com' ,true,Null);
INSERT INTO student_link_login VALUES ( '01FB16ECS462' , 'akshita.maheshwari@boohoo.com' ,true,Null);
INSERT INTO student_link_login VALUES ( '01FB16ECS463' , 'amish.rohmetra@boohoo.com' ,true,Null);
INSERT INTO student_link_login VALUES ( '01FB16ECS464' , 'anant.ajmera@boohoo.com' ,true,Null);
INSERT INTO student_link_login VALUES ( '01FB16ECS466' , 'c.hemanth.kumar@boohoo.com' ,true,Null);
INSERT INTO student_link_login VALUES ( '01FB16ECS474' , 'paia.dondor.siangshai@boohoo.com' ,true,Null);
INSERT INTO student_link_login VALUES ( '01FB17ECS700 ' , 'abhishek.s@boohoo.com' ,true,Null);
INSERT INTO student_link_login VALUES ( '01FB17ECS710 ' , 'divya@boohoo.com' ,true,Null);
INSERT INTO student_link_login VALUES ( '01FB17ECS714' , 'inchara.n@boohoo.com' ,true,Null);
INSERT INTO student_link_login VALUES ( '01FB17ECS715' , 'v.karthik.prabhu@boohoo.com' ,true,Null);
INSERT INTO student_link_login VALUES ( '01FB17ECS716' , 'komala.v@boohoo.com' ,true,Null);
INSERT INTO student_link_login VALUES ( '01FB17ECS718' , 'madhushree.v@boohoo.com' ,true,Null);
INSERT INTO student_link_login VALUES ( '01FB17ECS719' , 'naveenkumar.c.s@boohoo.com' ,true,Null);
INSERT INTO student_link_login VALUES ( '01FB17ECS721' , 'nireeksha@boohoo.com' ,true,Null);
INSERT INTO student_link_login VALUES ( '01FB17ECS722 ' , 'nishmitha.k@boohoo.com' ,true,Null);
INSERT INTO student_link_login VALUES ( '01FB17ECS724' , 'rekha.h.k@boohoo.com' ,true,Null);
INSERT INTO student_link_login VALUES ( '01FB17ECS726' , 'sayyad.mohasin@boohoo.com' ,true,Null);
INSERT INTO student_link_login VALUES ( '01FB17ECS728' , 'suchithra.k.a@boohoo.com' ,true,Null);
INSERT INTO student_link_login VALUES ( '01FB17ECS729' , 'swaroop.raj.shetty.u@boohoo.com' ,true,Null);
INSERT INTO student_link_login VALUES ( '01FB17ECS730' , 'usha.r@boohoo.com' ,true,Null);
INSERT INTO student_link_login VALUES ( '01FB17ECS732' , 'yashwanth.a.n@boohoo.com' ,true,Null);
INSERT INTO student_link_login VALUES ( '01FB17ECS734' , 'anu.c@boohoo.com' ,true,Null);
INSERT INTO student_link_login VALUES ( '01FB17ECS738' , 'sahana.c@boohoo.com' ,true,Null);
INSERT INTO student_link_login VALUES ( '01FB16EEC007' , 'abhinav.kumar@boohoo.com' ,true,Null);
INSERT INTO student_link_login VALUES ( '01FB16ECS009' , 'abhilash.jaysheel@boohoo.com' ,true,Null);
INSERT INTO student_link_login VALUES ( '01FB16ECS013' , 'abhiram.bellur@boohoo.com' ,true,Null);
INSERT INTO student_link_login VALUES ( '01FB16ECS022' , 'adapa.shivani@boohoo.com' ,true,Null);
INSERT INTO student_link_login VALUES ( '01FB16ECS025' , 'aditya.anirudh.kulkarni@boohoo.com' ,true,Null);
INSERT INTO student_link_login VALUES ( '01FB16ECS027' , 'aditya.girisha@boohoo.com' ,true,Null);
INSERT INTO student_link_login VALUES ( '01FB16ECS028' , 'aditya.k.r@boohoo.com' ,true,Null);
INSERT INTO student_link_login VALUES ( '01FB16ECS029' , 'aditya.pandey@boohoo.com' ,true,Null);
INSERT INTO student_link_login VALUES ( '01FB16ECS032' , 'aditya.venkatesh@boohoo.com' ,true,Null);
INSERT INTO student_link_login VALUES ( '01FB16ECS038' , 'akash.bhat@boohoo.com' ,true,Null);
INSERT INTO student_link_login VALUES ( '01FB16ECS044' , 'alonso.vyasasai.ashish.kumar@boohoo.com' ,true,Null);
INSERT INTO student_link_login VALUES ( '01FB16ECS058' , 'animesh.nd@boohoo.com' ,true,Null);
INSERT INTO student_link_login VALUES ( '01FB16ECS059' , 'anirudh.murthy@boohoo.com' ,true,Null);
INSERT INTO student_link_login VALUES ( '01FB16ECS060' , 'anirudh.r.jakati@boohoo.com' ,true,Null);
INSERT INTO student_link_login VALUES ( '01FB16ECS077' , 'ashutosh.sharan@boohoo.com' ,true,Null);
INSERT INTO student_link_login VALUES ( '01FB16ECS078' , 'ashwin.ashok@boohoo.com' ,true,Null);
INSERT INTO student_link_login VALUES ( '01FB16ECS101' , 'd.g.sudheer@boohoo.com' ,true,Null);
INSERT INTO student_link_login VALUES ( '01FB16ECS120' , 'gajendra.k.s@boohoo.com' ,true,Null);
INSERT INTO student_link_login VALUES ( '01FB16ECS121' , 'gnana.murthy.k.b@boohoo.com' ,true,Null);
INSERT INTO student_link_login VALUES ( '01FB16ECS122' , 'gopal.nambiar@boohoo.com' ,true,Null);
INSERT INTO student_link_login VALUES ( '01FB16ECS123 ' , 'gourishankar@boohoo.com' ,true,Null);
INSERT INTO student_link_login VALUES ( '01FB16ECS127' , 'h.adarsha.nayak@boohoo.com' ,true,Null);
INSERT INTO student_link_login VALUES ( '01FB16ECS128' , 'hari.charan.u@boohoo.com' ,true,Null);
INSERT INTO student_link_login VALUES ( '01FB16ECS131' , 'harshith.arun.kumar@boohoo.com' ,true,Null);
INSERT INTO student_link_login VALUES ( '01FB16ECS141' , 'iresh.shankarayya.hiremath@boohoo.com' ,true,Null);
INSERT INTO student_link_login VALUES ( '01FB16ECS142' , 'ishaan.lodha@boohoo.com' ,true,Null);
INSERT INTO student_link_login VALUES ( '01FB16ECS146' , 'jayapriya.s@boohoo.com' ,true,Null);
INSERT INTO student_link_login VALUES ( '01FB16ECS149' , 'k.p..rachita.rao@boohoo.com' ,true,Null);
INSERT INTO student_link_login VALUES ( '01FB16ECS154' , 'sree.hari.k@boohoo.com' ,true,Null);
INSERT INTO student_link_login VALUES ( '01FB16ECS157' , 'karthik.murali@boohoo.com' ,true,Null);
INSERT INTO student_link_login VALUES ( '01FB16ECS161' , 'kavali.sai.tanya@boohoo.com' ,true,Null);
INSERT INTO student_link_login VALUES ( '01FB16ECS165' , 'keshav.upadhyaya.d@boohoo.com' ,true,Null);
INSERT INTO student_link_login VALUES ( '01FB16ECS172' , 'kunal.paliwal@boohoo.com' ,true,Null);
INSERT INTO student_link_login VALUES ( '01FB16ECS175' , 'lakshana.kolur@boohoo.com' ,true,Null);
INSERT INTO student_link_login VALUES ( '01FB16ECS179' , 'lavanya.r@boohoo.com' ,true,Null);
INSERT INTO student_link_login VALUES ( '01FB16ECS207' , 'mehul.jain@boohoo.com' ,true,Null);
INSERT INTO student_link_login VALUES ( '01FB16ECS216' , 'n.kantharvan@boohoo.com' ,true,Null);
INSERT INTO student_link_login VALUES ( '01FB16ECS219' , 'nakul.srivathsa@boohoo.com' ,true,Null);
INSERT INTO student_link_login VALUES ( '01FB16ECS222' , 'naveen.suresh@boohoo.com' ,true,Null);
INSERT INTO student_link_login VALUES ( '01FB16ECS238' , 'nitin.verma@boohoo.com' ,true,Null);
INSERT INTO student_link_login VALUES ( '01FB16ECS251' , 'poorva.tiwari@boohoo.com' ,true,Null);
INSERT INTO student_link_login VALUES ( '01FB16ECS274' , 'preeti.agrawal@boohoo.com' ,true,Null);
INSERT INTO student_link_login VALUES ( '01FB16ECS275' , 'prerana.jayakumar@boohoo.com' ,true,Null);
INSERT INTO student_link_login VALUES ( '01FB16ECS277' , 'priya.nayak@boohoo.com' ,true,Null);
INSERT INTO student_link_login VALUES ( '01FB16ECS278' , 'priyanka.a@boohoo.com' ,true,Null);
INSERT INTO student_link_login VALUES ( '01FB16ECS280' , 'r.p.shreya.reddy@boohoo.com' ,true,Null);
INSERT INTO student_link_login VALUES ( '01FB16ECS283' , 'rachana.p.r.aithal@boohoo.com' ,true,Null);
INSERT INTO student_link_login VALUES ( '01FB16ECS288' , 'raghavendra.mt@boohoo.com' ,true,Null);
INSERT INTO student_link_login VALUES ( '01FB16ECS298' , 'ranjitha.nayak@boohoo.com' ,true,Null);
INSERT INTO student_link_login VALUES ( '01FB16ECS301' , 'rhiya.ramesh@boohoo.com' ,true,Null);
INSERT INTO student_link_login VALUES ( '01FB16ECS302' , 'rhythm.girdhar@boohoo.com' ,true,Null);
INSERT INTO student_link_login VALUES ( '01FB16ECS305' , 'rohan.b.sahu@boohoo.com' ,true,Null);
INSERT INTO student_link_login VALUES ( '01FB16ECS306' , 'rohan.chaudhari@boohoo.com' ,true,Null);
INSERT INTO student_link_login VALUES ( '01FB16ECS328' , 'sai.indraneel.amara@boohoo.com' ,true,Null);
INSERT INTO student_link_login VALUES ( '01FB16ECS329' , 'sai.pranav@boohoo.com' ,true,Null);
INSERT INTO student_link_login VALUES ( '01FB16ECS330' , 'sai.srikar.komaravolu@boohoo.com' ,true,Null);
INSERT INTO student_link_login VALUES ( '01FB16ECS331' , 'sailesh.gaddalay@boohoo.com' ,true,Null);
INSERT INTO student_link_login VALUES ( '01FB16ECS342' , 'sankarshana.h.rao@boohoo.com' ,true,Null);
INSERT INTO student_link_login VALUES ( '01FB16ECS351' , 'sharath.menon@boohoo.com' ,true,Null);
INSERT INTO student_link_login VALUES ( '01FB16ECS355' , 'shashank.m.bongale@boohoo.com' ,true,Null);
INSERT INTO student_link_login VALUES ( '01FB16ECS356' , 'shashank.prabhakar@boohoo.com' ,true,Null);
INSERT INTO student_link_login VALUES ( '01FB16ECS357' , 'shashank.s.shettar@boohoo.com' ,true,Null);
INSERT INTO student_link_login VALUES ( '01FB16ECS358' , 'shashank.bhat@boohoo.com' ,true,Null);
INSERT INTO student_link_login VALUES ( '01FB16ECS360' , 'shashikumar.jutoor@boohoo.com' ,true,Null);
INSERT INTO student_link_login VALUES ( '01FB16ECS362' , 'shikhar.shrestha@boohoo.com' ,true,Null);
INSERT INTO student_link_login VALUES ( '01FB16ECS364' , 'shirisha.s.rao@boohoo.com' ,true,Null);
INSERT INTO student_link_login VALUES ( '01FB16ECS365 ' , 'shivam.ganwani@boohoo.com' ,true,Null);
INSERT INTO student_link_login VALUES ( '01FB16ECS367' , 'shivani.vogiral@boohoo.com' ,true,Null);
INSERT INTO student_link_login VALUES ( '01FB16ECS368' , 'shrey.tiwari@boohoo.com' ,true,Null);
INSERT INTO student_link_login VALUES ( '01FB16ECS374' , 'shrijan.s.shetty@boohoo.com' ,true,Null);
INSERT INTO student_link_login VALUES ( '01FB16ECS378' , 'shruthi.gopinath@boohoo.com' ,true,Null);
INSERT INTO student_link_login VALUES ( '01FB16ECS383' , 'simran.bhatia@boohoo.com' ,true,Null);
INSERT INTO student_link_login VALUES ( '01FB16ECS388' , 'sk.saqlain.mustaq@boohoo.com' ,true,Null);
INSERT INTO student_link_login VALUES ( '01FB16ECS389' , 'skanda.c.s@boohoo.com' ,true,Null);
INSERT INTO student_link_login VALUES ( '01FB16ECS399' , 'sumair.ahmed.shariff@boohoo.com' ,true,Null);
INSERT INTO student_link_login VALUES ( '01FB16ECS402' , 'sumanth.v.rao@boohoo.com' ,true,Null);
INSERT INTO student_link_login VALUES ( '01FB16ECS403' , 'sumedh.basarkod@boohoo.com' ,true,Null);
INSERT INTO student_link_login VALUES ( '01FB16ECS404' , 'sumukh@boohoo.com' ,true,Null);
INSERT INTO student_link_login VALUES ( '01FB16ECS405' , 'suraj.aralihalli@boohoo.com' ,true,Null);
INSERT INTO student_link_login VALUES ( '01FB16ECS406' , 'suraj.k.a@boohoo.com' ,true,Null);
INSERT INTO student_link_login VALUES ( '01FB16ECS408' , 'harshvardhan.surolia@boohoo.com' ,true,Null);
INSERT INTO student_link_login VALUES ( '01FB16ECS416' , 'tanmaya.udupa@boohoo.com' ,true,Null);
INSERT INTO student_link_login VALUES ( '01FB16ECS419' , 'tejas.prashanth@boohoo.com' ,true,Null);
INSERT INTO student_link_login VALUES ( '01FB16ECS425' , 'utsav.chindalia@boohoo.com' ,true,Null);
INSERT INTO student_link_login VALUES ( '01FB16ECS426' , 'v.s.meghana@boohoo.com' ,true,Null);
INSERT INTO student_link_login VALUES ( '01FB16ECS429' , 'vaani.sundaresh@boohoo.com' ,true,Null);
INSERT INTO student_link_login VALUES ( '01FB16ECS432' , 'varsha.venkatasubramanian@boohoo.com' ,true,Null);
INSERT INTO student_link_login VALUES ( '01FB16ECS441' , 'vibha.puthran@boohoo.com' ,true,Null);
INSERT INTO student_link_login VALUES ( '01FB16ECS443' , 'vijay.cb@boohoo.com' ,true,Null);
INSERT INTO student_link_login VALUES ( '01FB16ECS452' , 'vishruth.r.g@boohoo.com' ,true,Null);
INSERT INTO student_link_login VALUES ( '01FB16ECS465' , 'ayushi.s.mehta@boohoo.com' ,true,Null);
INSERT INTO student_link_login VALUES ( '01FB16ECS468' , 'harsh.kothari@boohoo.com' ,true,Null);
INSERT INTO student_link_login VALUES ( '01FB16ECS475' , 'parul.tebriwal@boohoo.com' ,true,Null);
INSERT INTO student_link_login VALUES ( '01FB16ECS478' , 'sanjana.u@boohoo.com' ,true,Null);
INSERT INTO student_link_login VALUES ( '01FB16ECS485' , 'akshara.gupta@boohoo.com' ,true,Null);
INSERT INTO student_link_login VALUES ( '01FB16ECS486' , 'sriniketh.m.shenoy@boohoo.com' ,true,Null);
INSERT INTO student_link_login VALUES ( '01FB16ECS488' , 'manmath.sahoo@boohoo.com' ,true,Null);
INSERT INTO student_link_login VALUES ( '01FB16ECS489' , 'nishant.shekhar@boohoo.com' ,true,Null);
INSERT INTO student_link_login VALUES ( '01FB16ECS490' , 'shrey.jain@boohoo.com' ,true,Null);
INSERT INTO student_link_login VALUES ( '01FB16ECS008' , 'abhijith.venugopal@boohoo.com' ,true,Null);
INSERT INTO student_link_login VALUES ( '01FB16ECS012' , 'abhinav.hegde@boohoo.com' ,true,Null);
INSERT INTO student_link_login VALUES ( '01FB16ECS014' , 'abhishek.sinha@boohoo.com' ,true,Null);
INSERT INTO student_link_login VALUES ( '01FB16ECS016' , 'abhishek.narayanan@boohoo.com' ,true,Null);
INSERT INTO student_link_login VALUES ( '01FB16ECS017' , 'abhishek.prasad@boohoo.com' ,true,Null);
INSERT INTO student_link_login VALUES ( '01FB16ECS019' , 'abijna.rao@boohoo.com' ,true,Null);
INSERT INTO student_link_login VALUES ( '01FB16ECS033' , 'advithi.nair@boohoo.com' ,true,Null);
INSERT INTO student_link_login VALUES ( '01FB16ECS034' , 'aishwarya.ajeet@boohoo.com' ,true,Null);
INSERT INTO student_link_login VALUES ( '01FB16ECS049' , 'akshay.r@boohoo.com' ,true,Null);
INSERT INTO student_link_login VALUES ( '01FB16ECS050' , 'alan.jacob@boohoo.com' ,true,Null);
INSERT INTO student_link_login VALUES ( '01FB16ECS052' , 'aman.bhat.t@boohoo.com' ,true,Null);
INSERT INTO student_link_login VALUES ( '01FB16ECS057' , 'aniket.kumar@boohoo.com' ,true,Null);
INSERT INTO student_link_login VALUES ( '01FB16ECS061' , 'anish.kasi@boohoo.com' ,true,Null);
INSERT INTO student_link_login VALUES ( '01FB16ECS062' , 'anish.m.rao@boohoo.com' ,true,Null);
INSERT INTO student_link_login VALUES ( '01FB16ECS065' , 'anmol.garg@boohoo.com' ,true,Null);
INSERT INTO student_link_login VALUES ( '01FB16ECS069' , 'aprameya.bharadwaj@boohoo.com' ,true,Null);
INSERT INTO student_link_login VALUES ( '01FB16ECS071' , 'arnav.chhabra@boohoo.com' ,true,Null);
INSERT INTO student_link_login VALUES ( '01FB16ECS074' , 'arvind.srinivasan@boohoo.com' ,true,Null);
INSERT INTO student_link_login VALUES ( '01FB16ECS076' , 'ashish.singh@boohoo.com' ,true,Null);
INSERT INTO student_link_login VALUES ( '01FB16ECS080' , 'aswath.s@boohoo.com' ,true,Null);
INSERT INTO student_link_login VALUES ( '01FB16ECS103' , 'd.v.anudeep@boohoo.com' ,true,Null);
INSERT INTO student_link_login VALUES ( '01FB16ECS106' , 'deekshith.godavarthi@boohoo.com' ,true,Null);
INSERT INTO student_link_login VALUES ( '01FB16ECS107' , 'deepali.prabhu@boohoo.com' ,true,Null);
INSERT INTO student_link_login VALUES ( '01FB16ECS114' , 'dinesh.sathyanarayanan@boohoo.com' ,true,Null);
INSERT INTO student_link_login VALUES ( '01FB16ECS115' , 'disha.aravind@boohoo.com' ,true,Null);
INSERT INTO student_link_login VALUES ( '01FB16ECS138' , 'dweepa.prasad.honnavalli@boohoo.com' ,true,Null);
INSERT INTO student_link_login VALUES ( '01FB16ECS143' , 'ishita.bhandari@boohoo.com' ,true,Null);
INSERT INTO student_link_login VALUES ( '01FB16ECS150' , 'k.praneeth.kumar@boohoo.com' ,true,Null);
INSERT INTO student_link_login VALUES ( '01FB16ECS160' , 'kaushik.ravi@boohoo.com' ,true,Null);
INSERT INTO student_link_login VALUES ( '01FB16ECS189' , 'malaika.vijay@boohoo.com' ,true,Null);
INSERT INTO student_link_login VALUES ( '01FB16ECS193' , 'manish.soni@boohoo.com' ,true,Null);
INSERT INTO student_link_login VALUES ( '01FB16ECS195' , 'manjunath.bhadrannavar@boohoo.com' ,true,Null);
INSERT INTO student_link_login VALUES ( '01FB16ECS203' , 'megha.kalal@boohoo.com' ,true,Null);
INSERT INTO student_link_login VALUES ( '01FB16ECS204' , 'meghana@boohoo.com' ,true,Null);
INSERT INTO student_link_login VALUES ( '01FB16ECS206' , 'mehul.garg@boohoo.com' ,true,Null);
INSERT INTO student_link_login VALUES ( '01FB16ECS208' , 'midhush.manohar.t.k.@boohoo.com' ,true,Null);
INSERT INTO student_link_login VALUES ( '01FB16ECS229' , 'niharika.gurram@boohoo.com' ,true,Null);
INSERT INTO student_link_login VALUES ( '01FB16ECS230' , 'nikhil.v.revankar@boohoo.com' ,true,Null);
INSERT INTO student_link_login VALUES ( '01FB16ECS232' , 'ninaad.r.rao@boohoo.com' ,true,Null);
INSERT INTO student_link_login VALUES ( '01FB16ECS236' , 'nishant.ravi.shankar@boohoo.com' ,true,Null);
INSERT INTO student_link_login VALUES ( '01FB16ECS241' , 'ornella.irene.dsouza@boohoo.com' ,true,Null);
INSERT INTO student_link_login VALUES ( '01FB16ECS249' , 'patnala.prudhvi.raj@boohoo.com' ,true,Null);
INSERT INTO student_link_login VALUES ( '01FB16ECS257' , 'pragnya.suresh@boohoo.com' ,true,Null);
INSERT INTO student_link_login VALUES ( '01FB16ECS258' , 'pragya.agrawal@boohoo.com' ,true,Null);
INSERT INTO student_link_login VALUES ( '01FB16ECS260' , 'prajwal.kiran.kumar@boohoo.com' ,true,Null);
INSERT INTO student_link_login VALUES ( '01FB16ECS263' , 'prakhyat.g.kulkarni@boohoo.com' ,true,Null);
INSERT INTO student_link_login VALUES ( '01FB16ECS271' , 'preet.shah@boohoo.com' ,true,Null);
INSERT INTO student_link_login VALUES ( '01FB16ECS284' , 'radhika.agarwal@boohoo.com' ,true,Null);
INSERT INTO student_link_login VALUES ( '01FB16ECS286' , 'raghav.r.bongole@boohoo.com' ,true,Null);
INSERT INTO student_link_login VALUES ( '01FB16ECS291' , 'rahul.shivaprasad@boohoo.com' ,true,Null);
INSERT INTO student_link_login VALUES ( '01FB16ECS299' , 'rasya.ramesh@boohoo.com' ,true,Null);
INSERT INTO student_link_login VALUES ( '01FB16ECS307' , 'rohan.mohapatra@boohoo.com' ,true,Null);
INSERT INTO student_link_login VALUES ( '01FB16ECS309' , 'rohan.rajesh.talesara@boohoo.com' ,true,Null);
INSERT INTO student_link_login VALUES ( '01FB16ECS313' , 'rohit.u.bogulla@boohoo.com' ,true,Null);
INSERT INTO student_link_login VALUES ( '01FB16ECS314' , 'roshan.neil@boohoo.com' ,true,Null);
INSERT INTO student_link_login VALUES ( '01FB16ECS319' , 's.s.shreya@boohoo.com' ,true,Null);
INSERT INTO student_link_login VALUES ( '01FB16ECS332' , 'saksham.goyal@boohoo.com' ,true,Null);
INSERT INTO student_link_login VALUES ( '01FB16ECS333' , 'saloni.govil@boohoo.com' ,true,Null);
INSERT INTO student_link_login VALUES ( '01FB16ECS335' , 'samsrth.m@boohoo.com' ,true,Null);
INSERT INTO student_link_login VALUES ( '01FB16ECS339' , 'sanat.bhandarkar@boohoo.com' ,true,Null);
INSERT INTO student_link_login VALUES ( '01FB16ECS340' , 'sandya.sivakumar@boohoo.com' ,true,Null);
INSERT INTO student_link_login VALUES ( '01FB16ECS341' , 'sanjay.k.a@boohoo.com' ,true,Null);
INSERT INTO student_link_login VALUES ( '01FB16ECS344' , 'satyam.shivam.sundaram@boohoo.com' ,true,Null);
INSERT INTO student_link_login VALUES ( '01FB16ECS349' , 'shailesh@boohoo.com' ,true,Null);
INSERT INTO student_link_login VALUES ( '01FB16ECS382' , 'siddharth.itagi@boohoo.com' ,true,Null);
INSERT INTO student_link_login VALUES ( '01FB16ECS396' , 'srikumar.subramanian@boohoo.com' ,true,Null);
INSERT INTO student_link_login VALUES ( '01FB16ECS430' , 'vaibhav.b.v@boohoo.com' ,true,Null);
INSERT INTO student_link_login VALUES ( '01FB16ECS431' , 'vaibhav.pundir@boohoo.com' ,true,Null);
INSERT INTO student_link_login VALUES ( '01FB16ECS439' , 'vedartham.bharath@boohoo.com' ,true,Null);
INSERT INTO student_link_login VALUES ( '01FB16ECS450' , 'vishal.rao@boohoo.com' ,true,Null);
INSERT INTO student_link_login VALUES ( '01FB16ECS451' , 'vishnu.v.singh@boohoo.com' ,true,Null);
INSERT INTO student_link_login VALUES ( '01FB16ECS456' , 'yamini.agarwal@boohoo.com' ,true,Null);
INSERT INTO student_link_login VALUES ( '01FB16ECS471' , 'manasa.jagadeesh@boohoo.com' ,true,Null);
INSERT INTO student_link_login VALUES ( '01FB16ECS481' , 'k.vennela@boohoo.com' ,true,Null);
INSERT INTO student_link_login VALUES ( '01FB16ECS482' , 'krishna.khurana@boohoo.com' ,true,Null);
INSERT INTO student_link_login VALUES ( '01FB16ECS483' , 'rachana.aithal.k.r@boohoo.com' ,true,Null);
INSERT INTO student_link_login VALUES ( '01FB16ECS484' , 'vikram.g@boohoo.com' ,true,Null);
INSERT INTO student_link_login VALUES ( '01FB16ECS487' , 'alka.simon@boohoo.com' ,true,Null);
INSERT INTO student_link_login VALUES ( '01FB16ECS001' , 'annabathula.abhishek@boohoo.com' ,true,Null);
INSERT INTO student_link_login VALUES ( '01FB16ECS024' , 'adhishesh.m@boohoo.com' ,true,Null);
INSERT INTO student_link_login VALUES ( '01FB16ECS031' , 'aditya.raj@boohoo.com' ,true,Null);
INSERT INTO student_link_login VALUES ( '01FB16ECS039' , 'akash.gp@boohoo.com' ,true,Null);
INSERT INTO student_link_login VALUES ( '01FB16ECS047' , 'akshay.bharadwaj@boohoo.com' ,true,Null);
INSERT INTO student_link_login VALUES ( '01FB16ECS054' , 'amith.s.hande@boohoo.com' ,true,Null);
INSERT INTO student_link_login VALUES ( '01FB16ECS066' , 'anup.bujurke@boohoo.com' ,true,Null);
INSERT INTO student_link_login VALUES ( '01FB16ECS073' , 'arpit.singh.nargundkar@boohoo.com' ,true,Null);
INSERT INTO student_link_login VALUES ( '01FB16ECS111' , 'devika.vishnu@boohoo.com' ,true,Null);
INSERT INTO student_link_login VALUES ( '01FB16ECS117' , 'duvvuru.mohith.reddy@boohoo.com' ,true,Null);
INSERT INTO student_link_login VALUES ( '01FB16ECS119' , 'g.anirudh@boohoo.com' ,true,Null);
INSERT INTO student_link_login VALUES ( '01FB16ECS132' , 'harshith.p.s@boohoo.com' ,true,Null);
INSERT INTO student_link_login VALUES ( '01FB16ECS151' , 'k.rahul.kudva@boohoo.com' ,true,Null);
INSERT INTO student_link_login VALUES ( '01FB16ECS153' , 'siddharth.kailasam@boohoo.com' ,true,Null);
INSERT INTO student_link_login VALUES ( '01FB16ECS187' , 'maanvi.nunna@boohoo.com' ,true,Null);
INSERT INTO student_link_login VALUES ( '01FB16ECS188' , 'madan.r@boohoo.com' ,true,Null);
INSERT INTO student_link_login VALUES ( '01FB16ECS192' , 'manish.shetty.m@boohoo.com' ,true,Null);
INSERT INTO student_link_login VALUES ( '01FB16ECS199' , 'mayank.rao@boohoo.com' ,true,Null);
INSERT INTO student_link_login VALUES ( '01FB16ECS200' , 'mayank.thakur@boohoo.com' ,true,Null);
INSERT INTO student_link_login VALUES ( '01FB16ECS209' , 'miriam.john.k@boohoo.com' ,true,Null);
INSERT INTO student_link_login VALUES ( '01FB16ECS211' , 'mohammed.faizan@boohoo.com' ,true,Null);
INSERT INTO student_link_login VALUES ( '01FB16ECS215' , 'muhammad.usman@boohoo.com' ,true,Null);
INSERT INTO student_link_login VALUES ( '01FB16ECS218' , 'nakshatra.yalagach@boohoo.com' ,true,Null);
INSERT INTO student_link_login VALUES ( '01FB16ECS220 ' , 'naman.bansal@boohoo.com' ,true,Null);
INSERT INTO student_link_login VALUES ( '01FB16ECS221' , 'nandagopal.netrakanti.vinayak@boohoo.com' ,true,Null);
INSERT INTO student_link_login VALUES ( '01FB16ECS223' , 'neelesh.c.a@boohoo.com' ,true,Null);
INSERT INTO student_link_login VALUES ( '01FB16ECS226' , 'nesara.b.r@boohoo.com' ,true,Null);
INSERT INTO student_link_login VALUES ( '01FB16ECS227' , 'nihal.pawar.k.n@boohoo.com' ,true,Null);
INSERT INTO student_link_login VALUES ( '01FB16ECS228' , 'nihali.s.shetty@boohoo.com' ,true,Null);
INSERT INTO student_link_login VALUES ( '01FB16ECS235' , 'nishant.aklecha@boohoo.com' ,true,Null);
INSERT INTO student_link_login VALUES ( '01FB16ECS239' , 'omkar.metri@boohoo.com' ,true,Null);
INSERT INTO student_link_login VALUES ( '01FB16ECS242' , 'p.abhishikta.sai@boohoo.com' ,true,Null);
INSERT INTO student_link_login VALUES ( '01FB16ECS243' , 'pallavi.mishra@boohoo.com' ,true,Null);
INSERT INTO student_link_login VALUES ( '01FB16ECS253 ' , 'pradeep.a@boohoo.com' ,true,Null);
INSERT INTO student_link_login VALUES ( '01FB16ECS259' , 'prajna.nagaraj@boohoo.com' ,true,Null);
INSERT INTO student_link_login VALUES ( '01FB16ECS264' , 'prameet.patil@boohoo.com' ,true,Null);
INSERT INTO student_link_login VALUES ( '01FB16ECS282' , 'r.v.prithvi@boohoo.com' ,true,Null);
INSERT INTO student_link_login VALUES ( '01FB16ECS293' , 'rakshita.m@boohoo.com' ,true,Null);
INSERT INTO student_link_login VALUES ( '01FB16ECS296' , 'ramesh.s@boohoo.com' ,true,Null);
INSERT INTO student_link_login VALUES ( '01FB16ECS321' , 'saahil.jain@boohoo.com' ,true,Null);
INSERT INTO student_link_login VALUES ( '01FB16ECS334' , 'samantha.lobo@boohoo.com' ,true,Null);
INSERT INTO student_link_login VALUES ( '01FB16ECS336' , 'samhith.s.karkada@boohoo.com' ,true,Null);
INSERT INTO student_link_login VALUES ( '01FB16ECS371' , 'shreyas.nitin.pujari@boohoo.com' ,true,Null);
INSERT INTO student_link_login VALUES ( '01FB16ECS386' , 'siri.bhaskar.hegde@boohoo.com' ,true,Null);
INSERT INTO student_link_login VALUES ( '01FB16ECS397' , 'srivamsi.s@boohoo.com' ,true,Null);
INSERT INTO student_link_login VALUES ( '01FB16ECS407 ' , 'nidhi.surapaneni@boohoo.com' ,true,Null);
INSERT INTO student_link_login VALUES ( '01FB16ECS422' , 'thejaswini.m.r@boohoo.com' ,true,Null);
INSERT INTO student_link_login VALUES ( '01FB16ECS423' , 'tilakprasad.pathak@boohoo.com' ,true,Null);
INSERT INTO student_link_login VALUES ( '01FB16ECS444' , 'vikram@boohoo.com' ,true,Null);
INSERT INTO student_link_login VALUES ( '01FB16ECS446' , 'vinay.kumar.s.r@boohoo.com' ,true,Null);
INSERT INTO student_link_login VALUES ( '01FB16ECS447' , 'vinayraj@boohoo.com' ,true,Null);
INSERT INTO student_link_login VALUES ( '01FB16ECS448' , 'vipul.raj@boohoo.com' ,true,Null);
INSERT INTO student_link_login VALUES ( '01FB16ECS455' , 'vivek.r@boohoo.com' ,true,Null);
INSERT INTO student_link_login VALUES ( '01FB16ECS472' , 'naman.mittal@boohoo.com' ,true,Null);
INSERT INTO student_link_login VALUES ( '01FB16ECS473 ' , 'nikita.hitesh.singh@boohoo.com' ,true,Null);
INSERT INTO student_link_login VALUES ( '01FB17ECS706' , 'chandana.m@boohoo.com' ,true,Null);
INSERT INTO student_link_login VALUES ( '01FB17ECS708' , 'chethana.m@boohoo.com' ,true,Null);
INSERT INTO student_link_login VALUES ( '01FB17ECS709' , 'divya.dv@boohoo.com' ,true,Null);
INSERT INTO student_link_login VALUES ( '01FB17ECS723' , 'ranjith@boohoo.com' ,true,Null);
INSERT INTO student_link_login VALUES ( '01FB17ECS731' , 'vivek.yaligar@boohoo.com' ,true,Null);
INSERT INTO student_link_login VALUES ( '01FB17ECS739' , 'suraj.s@boohoo.com' ,true,Null);
INSERT INTO student_link_login VALUES ( '01FB16ECS002' , 'a.vivek.reddy@boohoo.com' ,true,Null);
INSERT INTO student_link_login VALUES ( '01FB16ECS005' , 'aakansha.pant@boohoo.com' ,true,Null);
INSERT INTO student_link_login VALUES ( '01FB16ECS006' , 'aayushi.sanghi@boohoo.com' ,true,Null);
INSERT INTO student_link_login VALUES ( '01FB16ECS011' , 'abhin.s.lingamaneni@boohoo.com' ,true,Null);
INSERT INTO student_link_login VALUES ( '01FB16ECS021' , 'achyutha.b@boohoo.com' ,true,Null);
INSERT INTO student_link_login VALUES ( '01FB16ECS023' , 'adarsh.mishra@boohoo.com' ,true,Null);
INSERT INTO student_link_login VALUES ( '01FB16ECS030' , 'aditya.r@boohoo.com' ,true,Null);
INSERT INTO student_link_login VALUES ( '01FB16ECS036' , 'aiswarya.sriram@boohoo.com' ,true,Null);
INSERT INTO student_link_login VALUES ( '01FB16ECS042' , 'akash.shetty@boohoo.com' ,true,Null);
INSERT INTO student_link_login VALUES ( '01FB16ECS045' , 'akshara.s@boohoo.com' ,true,Null);
INSERT INTO student_link_login VALUES ( '01FB16ECS056' , 'aneesh.padur.bhat@boohoo.com' ,true,Null);
INSERT INTO student_link_login VALUES ( '01FB16ECS063' , 'ankit@boohoo.com' ,true,Null);
INSERT INTO student_link_login VALUES ( '01FB16ECS064' , 'anmol.aeron@boohoo.com' ,true,Null);
INSERT INTO student_link_login VALUES ( '01FB16ECS067' , 'anusha.agarwal@boohoo.com' ,true,Null);
INSERT INTO student_link_login VALUES ( '01FB16ECS072' , 'arnav.dubey@boohoo.com' ,true,Null);
INSERT INTO student_link_login VALUES ( '01FB16ECS082' , 'aveek.saha@boohoo.com' ,true,Null);
INSERT INTO student_link_login VALUES ( '01FB16ECS089' , 'bhavani.shankar@boohoo.com' ,true,Null);
INSERT INTO student_link_login VALUES ( '01FB16ECS095' , 'chandresh.l@boohoo.com' ,true,Null);
INSERT INTO student_link_login VALUES ( '01FB16ECS118' , 'g.gautham@boohoo.com' ,true,Null);
INSERT INTO student_link_login VALUES ( '01FB16ECS124' , 'gundam.satyabhama.reddy@boohoo.com' ,true,Null);
INSERT INTO student_link_login VALUES ( '01FB16ECS126' , 'guruprasad.m@boohoo.com' ,true,Null);
INSERT INTO student_link_login VALUES ( '01FB16ECS139' , 'hrishikesh.s.@boohoo.com' ,true,Null);
INSERT INTO student_link_login VALUES ( '01FB16ECS140' , 'i.gautam.srinidhi@boohoo.com' ,true,Null);
INSERT INTO student_link_login VALUES ( '01FB16ECS148' , 'k.p.arjun.rajesh@boohoo.com' ,true,Null);
INSERT INTO student_link_login VALUES ( '01FB16ECS159' , 'kartik.a.naravagol@boohoo.com' ,true,Null);
INSERT INTO student_link_login VALUES ( '01FB16ECS162' , 'kavya.varma@boohoo.com' ,true,Null);
INSERT INTO student_link_login VALUES ( '01FB16ECS163' , 'keertan.krishnan@boohoo.com' ,true,Null);
INSERT INTO student_link_login VALUES ( '01FB16ECS178' , 'lalit.kishore.gattani@boohoo.com' ,true,Null);
INSERT INTO student_link_login VALUES ( '01FB16ECS180' , 'lokesh.kumar.t.n@boohoo.com' ,true,Null);
INSERT INTO student_link_login VALUES ( '01FB16ECS182' , 'milan.maragiri@boohoo.com' ,true,Null);
INSERT INTO student_link_login VALUES ( '01FB16ECS214' , 'mudit.jha@boohoo.com' ,true,Null);
INSERT INTO student_link_login VALUES ( '01FB16ECS245' , 'param.prabhakar@boohoo.com' ,true,Null);
INSERT INTO student_link_login VALUES ( '01FB16ECS255' , 'pragati.kamble@boohoo.com' ,true,Null);
INSERT INTO student_link_login VALUES ( '01FB16ECS266' , 'praneet.s.y@boohoo.com' ,true,Null);
INSERT INTO student_link_login VALUES ( '01FB16ECS276' , 'prerna.rao.v@boohoo.com' ,true,Null);
INSERT INTO student_link_login VALUES ( '01FB16ECS279' , 'puneeth.karkera@boohoo.com' ,true,Null);
INSERT INTO student_link_login VALUES ( '01FB16ECS294' , 'rakshith.j@boohoo.com' ,true,Null);
INSERT INTO student_link_login VALUES ( '01FB16ECS295' , 'rakshith.shetty@boohoo.com' ,true,Null);
INSERT INTO student_link_login VALUES ( '01FB16ECS297' , 'ramyani.ghosh@boohoo.com' ,true,Null);
INSERT INTO student_link_login VALUES ( '01FB16ECS304' , 'ritik.kumar@boohoo.com' ,true,Null);
INSERT INTO student_link_login VALUES ( '01FB16ECS308 ' , 'rohan.r@boohoo.com' ,true,Null);
INSERT INTO student_link_login VALUES ( '01FB16ECS317' , 's.akash.janardhan@boohoo.com' ,true,Null);
INSERT INTO student_link_login VALUES ( '01FB16ECS318' , 's.jayasurya@boohoo.com' ,true,Null);
INSERT INTO student_link_login VALUES ( '01FB16ECS320' , 's.swathi.reddy@boohoo.com' ,true,Null);
INSERT INTO student_link_login VALUES ( '01FB16ECS323' , 'sachin.s@boohoo.com' ,true,Null);
INSERT INTO student_link_login VALUES ( '01FB16ECS345' , 'sayantan.nandy@boohoo.com' ,true,Null);
INSERT INTO student_link_login VALUES ( '01FB16ECS352' , 'sharath.n@boohoo.com' ,true,Null);
INSERT INTO student_link_login VALUES ( '01FB16ECS370' , 'shreyas.bs@boohoo.com' ,true,Null);
INSERT INTO student_link_login VALUES ( '01FB16ECS373' , 'shreyas.c@boohoo.com' ,true,Null);
INSERT INTO student_link_login VALUES ( '01FB16ECS375' , 'shrijeet.s.pai@boohoo.com' ,true,Null);
INSERT INTO student_link_login VALUES ( '01FB16ECS376' , 'shrushti@boohoo.com' ,true,Null);
INSERT INTO student_link_login VALUES ( '01FB16ECS384' , 'simrita.jayasimha@boohoo.com' ,true,Null);
INSERT INTO student_link_login VALUES ( '01FB16ECS385' , 'sinchana.gowda@boohoo.com' ,true,Null);
INSERT INTO student_link_login VALUES ( '01FB16ECS391' , 'somak.mukherjee@boohoo.com' ,true,Null);
INSERT INTO student_link_login VALUES ( '01FB16ECS401' , 'sumant.patil@boohoo.com' ,true,Null);
INSERT INTO student_link_login VALUES ( '01FB16ECS415' , 't.s.varun@boohoo.com' ,true,Null);
INSERT INTO student_link_login VALUES ( '01FB16ECS417' , 'tarun.kaushik@boohoo.com' ,true,Null);
INSERT INTO student_link_login VALUES ( '01FB16ECS418' , 'taruni.sunder@boohoo.com' ,true,Null);
INSERT INTO student_link_login VALUES ( '01FB16ECS424' , 'raj.subramanian.u.s@boohoo.com' ,true,Null);
INSERT INTO student_link_login VALUES ( '01FB16ECS434' , 'varun.m@boohoo.com' ,true,Null);
INSERT INTO student_link_login VALUES ( '01FB16ECS435' , 'varuna.k.s.@boohoo.com' ,true,Null);
INSERT INTO student_link_login VALUES ( '01FB16ECS437' , 'vedant.sethia@boohoo.com' ,true,Null);
INSERT INTO student_link_login VALUES ( '01FB16ECS442' , 'vijay.bhargav.eshappa@boohoo.com' ,true,Null);
INSERT INTO student_link_login VALUES ( '01FB16ECS445' , 'vinayaka.r.kamath@boohoo.com' ,true,Null);
INSERT INTO student_link_login VALUES ( '01FB16ECS449' , 'vishal.s@boohoo.com' ,true,Null);
INSERT INTO student_link_login VALUES ( '01FB16ECS477' , 'sandhya.s@boohoo.com' ,true,Null);
INSERT INTO student_link_login VALUES ( '01FB16ECS007' , 'abdul.qadir@boohoo.com' ,true,Null);
INSERT INTO student_link_login VALUES ( '01FB16ECS079' , 'ashwin.siddharth.s@boohoo.com' ,true,Null);
INSERT INTO student_link_login VALUES ( '01FB16ECS084' , 'b.r.yogesh@boohoo.com' ,true,Null);
INSERT INTO student_link_login VALUES ( '01FB16ECS087' , 'bharath.chandra@boohoo.com' ,true,Null);
INSERT INTO student_link_login VALUES ( '01FB16ECS099' , 'chirag.n.vijay@boohoo.com' ,true,Null);
INSERT INTO student_link_login VALUES ( '01FB16ECS100' , 'christy.jacob@boohoo.com' ,true,Null);
INSERT INTO student_link_login VALUES ( '01FB16ECS109' , 'devang.shetty@boohoo.com' ,true,Null);
INSERT INTO student_link_login VALUES ( '01FB16ECS112' , 'dhanush.ravi@boohoo.com' ,true,Null);
INSERT INTO student_link_login VALUES ( '01FB16ECS129' , 'hariprasad.ashok@boohoo.com' ,true,Null);
INSERT INTO student_link_login VALUES ( '01FB16ECS164' , 'keerthana.tk@boohoo.com' ,true,Null);
INSERT INTO student_link_login VALUES ( '01FB16ECS173' , 'kusumanjali.r@boohoo.com' ,true,Null);
INSERT INTO student_link_login VALUES ( '01FB16ECS181' , 'm.karthik.rao@boohoo.com' ,true,Null);
INSERT INTO student_link_login VALUES ( '01FB16ECS343' , 'sarfaraz.malik@boohoo.com' ,true,Null);
INSERT INTO student_link_login VALUES ( '01FB16ECS361' , 'shashwat.mishra@boohoo.com' ,true,Null);
INSERT INTO student_link_login VALUES ( '01FB16ECS372' , 'shreyas.sridhar@boohoo.com' ,true,Null);
INSERT INTO student_link_login VALUES ( '01FB16ECS379' , 'shubham.mathur@boohoo.com' ,true,Null);
INSERT INTO student_link_login VALUES ( '01FB16ECS387' , 'siri.prasad@boohoo.com' ,true,Null);
INSERT INTO student_link_login VALUES ( '01FB16ECS393' , 'sreeniketh.p.aathreya@boohoo.com' ,true,Null);
INSERT INTO student_link_login VALUES ( '01FB16ECS411' , 'swathi.reddy@boohoo.com' ,true,Null);
INSERT INTO student_link_login VALUES ( '01FB16ECS454' , 'vivek.partal@boohoo.com' ,true,Null);
INSERT INTO student_link_login VALUES ( '01FB16ECS458' , 'yashas.nd@boohoo.com' ,true,Null);
INSERT INTO student_link_login VALUES ( '01FB16ECS461' , 'aditya.l@boohoo.com' ,true,Null);
INSERT INTO student_link_login VALUES ( '01FB16ECS480' , 'devashish.s.vaishnav@boohoo.com' ,true,Null);
INSERT INTO student_link_login VALUES ( '01FB17ECS701' , 'akilesh.s@boohoo.com' ,true,Null);
INSERT INTO student_link_login VALUES ( '01FB17ECS707' , 'chethan.g.c@boohoo.com' ,true,Null);
INSERT INTO student_link_login VALUES ( '01FB17ECS711' , 'harish.k@boohoo.com' ,true,Null);
INSERT INTO student_link_login VALUES ( '01FB17ECS712' , 'harshit.jitendra.dave@boohoo.com' ,true,Null);
INSERT INTO student_link_login VALUES ( '01FB17ECS713' , 'harshith.h.k@boohoo.com' ,true,Null);
INSERT INTO student_link_login VALUES ( '01FB16ECS010' , 'abhimanyu.roy@boohoo.com' ,true,Null);
INSERT INTO student_link_login VALUES ( '01FB16ECS015' , 'abhishek.mashetty@boohoo.com' ,true,Null);
INSERT INTO student_link_login VALUES ( '01FB16ECS055' , 'amogh@boohoo.com' ,true,Null);
INSERT INTO student_link_login VALUES ( '01FB16ECS085' , 'b.rutvik@boohoo.com' ,true,Null);
INSERT INTO student_link_login VALUES ( '01FB16ECS092' , 'burada.vivek@boohoo.com' ,true,Null);
INSERT INTO student_link_login VALUES ( '01FB16ECS097' , 'chethan.m.nyamagoud@boohoo.com' ,true,Null);
INSERT INTO student_link_login VALUES ( '01FB16ECS102' , 'd.ganesh.kumar.reddy@boohoo.com' ,true,Null);
INSERT INTO student_link_login VALUES ( '01FB16ECS130' , 'harish@boohoo.com' ,true,Null);
INSERT INTO student_link_login VALUES ( '01FB16ECS133' , 'hemanth.m@boohoo.com' ,true,Null);
INSERT INTO student_link_login VALUES ( '01FB16ECS137' , 'hithendra.l@boohoo.com' ,true,Null);
INSERT INTO student_link_login VALUES ( '01FB16ECS144' , 'jai.agarwal@boohoo.com' ,true,Null);
INSERT INTO student_link_login VALUES ( '01FB16ECS156' , 'karthik.manjunath@boohoo.com' ,true,Null);
INSERT INTO student_link_login VALUES ( '01FB16ECS158' , 'karthik.r@boohoo.com' ,true,Null);
INSERT INTO student_link_login VALUES ( '01FB16ECS166' , 'kevin.paul.kodiyan@boohoo.com' ,true,Null);
INSERT INTO student_link_login VALUES ( '01FB16ECS167' , 'kiran.s.hombal@boohoo.com' ,true,Null);
INSERT INTO student_link_login VALUES ( '01FB16ECS168 ' , 'kothapeta.divya@boohoo.com' ,true,Null);
INSERT INTO student_link_login VALUES ( '01FB16ECS169' , 'krishna.sidharth.sagere@boohoo.com' ,true,Null);
INSERT INTO student_link_login VALUES ( '01FB16ECS170' , 'kudumula.sai.jaydeep@boohoo.com' ,true,Null);
INSERT INTO student_link_login VALUES ( '01FB16ECS171' , 'kumar.satyam@boohoo.com' ,true,Null);
INSERT INTO student_link_login VALUES ( '01FB16ECS174' , 'lakkireddy.sai.chaitanya.reddy@boohoo.com' ,true,Null);
INSERT INTO student_link_login VALUES ( '01FB16ECS177' , 'lakshmitha.r@boohoo.com' ,true,Null);
INSERT INTO student_link_login VALUES ( '01FB16ECS186' , 'm.vinay.rathnam@boohoo.com' ,true,Null);
INSERT INTO student_link_login VALUES ( '01FB16ECS191' , 'manish.c@boohoo.com' ,true,Null);
INSERT INTO student_link_login VALUES ( '01FB16ECS197' , 'manoj.h.c@boohoo.com' ,true,Null);
INSERT INTO student_link_login VALUES ( '01FB16ECS201' , 'medam.v.s.d.chiranjeevi@boohoo.com' ,true,Null);
INSERT INTO student_link_login VALUES ( '01FB16ECS210' , 'mohammad.aftab@boohoo.com' ,true,Null);
INSERT INTO student_link_login VALUES ( '01FB16ECS212' , 'mohit.kumar@boohoo.com' ,true,Null);
INSERT INTO student_link_login VALUES ( '01FB16ECS213' , 'mridu.agrawal@boohoo.com' ,true,Null);
INSERT INTO student_link_login VALUES ( '01FB16ECS217' , 'nachiketh.atawale@boohoo.com' ,true,Null);
INSERT INTO student_link_login VALUES ( '01FB16ECS234' , 'nitesh.k@boohoo.com' ,true,Null);
INSERT INTO student_link_login VALUES ( '01FB16ECS244' , 'pandurang@boohoo.com' ,true,Null);
INSERT INTO student_link_login VALUES ( '01FB16ECS248' , 'parth.krishna@boohoo.com' ,true,Null);
INSERT INTO student_link_login VALUES ( '01FB16ECS252' , 'poorvi.achar@boohoo.com' ,true,Null);
INSERT INTO student_link_login VALUES ( '01FB16ECS254' , 'pradeepa@boohoo.com' ,true,Null);
INSERT INTO student_link_login VALUES ( '01FB16ECS256' , 'pragna.prasanna@boohoo.com' ,true,Null);
INSERT INTO student_link_login VALUES ( '01FB16ECS267' , 'prasad.m.kalai@boohoo.com' ,true,Null);
INSERT INTO student_link_login VALUES ( '01FB16ECS268' , 'prashant.yallatti@boohoo.com' ,true,Null);
INSERT INTO student_link_login VALUES ( '01FB16ECS311' , 'rohan.sharma@boohoo.com' ,true,Null);
INSERT INTO student_link_login VALUES ( '01FB16ECS324' , 'sachin.v@boohoo.com' ,true,Null);
INSERT INTO student_link_login VALUES ( '01FB16ECS348' , 'shailendra.hegde@boohoo.com' ,true,Null);
INSERT INTO student_link_login VALUES ( '01FB16ECS369' , 'shreya.eswaraiah@boohoo.com' ,true,Null);
INSERT INTO student_link_login VALUES ( '01FB16ECS377' , 'shruthi.c@boohoo.com' ,true,Null);
INSERT INTO student_link_login VALUES ( '01FB16ECS394' , 'sreenivas.m.kandhade@boohoo.com' ,true,Null);
INSERT INTO student_link_login VALUES ( '01FB16ECS409' , 'surya.teja.a@boohoo.com' ,true,Null);
INSERT INTO student_link_login VALUES ( '01FB16ECS412' , 'swati.maruvalli@boohoo.com' ,true,Null);
INSERT INTO student_link_login VALUES ( '01FB16ECS413' , 'swati.nagaraj.baleri@boohoo.com' ,true,Null);
INSERT INTO student_link_login VALUES ( '01FB16ECS414 ' , 't.h.sanjana@boohoo.com' ,true,Null);
INSERT INTO student_link_login VALUES ( '01FB16ECS420' , 'tejas.vernekar@boohoo.com' ,true,Null);
INSERT INTO student_link_login VALUES ( '01FB16ECS421' , 'thanushree.eg@boohoo.com' ,true,Null);
INSERT INTO student_link_login VALUES ( '01FB16ECS427' , 'v.vishwala@boohoo.com' ,true,Null);
INSERT INTO student_link_login VALUES ( '01FB16ECS436' , 'vedant.moktali@boohoo.com' ,true,Null);
INSERT INTO student_link_login VALUES ( '01FB16ECS440' , 'vemula.sai.saketh@boohoo.com' ,true,Null);
INSERT INTO student_link_login VALUES ( '01FB16ECS453' , 'vishwas.joshi@boohoo.com' ,true,Null);
INSERT INTO student_link_login VALUES ( '01FB16ECS467' , 'yashwanth.kumar@boohoo.com' ,true,Null);
INSERT INTO student_link_login VALUES ( '01FB16ECS900' , 'nidheesh.sn@boohoo.com' ,true,Null);
INSERT INTO student_link_login VALUES ( '01FB17ECS702' , 'akshay.jambagi@boohoo.com' ,true,Null);
INSERT INTO student_link_login VALUES ( '01FB17ECS703' , 'amala@boohoo.com' ,true,Null);
INSERT INTO student_link_login VALUES ( '01FB17ECS704' , 'rashi.s.badardinni@boohoo.com' ,true,Null);
INSERT INTO student_link_login VALUES ( '01FB17ECS717' , 'likitha@boohoo.com' ,true,Null);
INSERT INTO student_link_login VALUES ( '01FB17ECS720' , 'nethravathi.s@boohoo.com' ,true,Null);
INSERT INTO student_link_login VALUES ( '01FB17ECS733' , 'zainab.muskaan.a@boohoo.com' ,true,Null);
INSERT INTO student_link_login VALUES ( '01FB17ECS735' , 'manjula.k.b@boohoo.com' ,true,Null);
INSERT INTO student_link_login VALUES ( '01FB17ECS737' , 'prajwal.h.g@boohoo.com' ,true,Null);
INSERT INTO student_link_login VALUES ( '01FB16ECS093' , 'c.anjana.keshav.das@boohoo.com' ,true,Null);
INSERT INTO student_link_login VALUES ( '01FB16ECS999' , 'rachana.jayaram@gmail.com' ,false,Null);
INSERT INTO student_link_login VALUES ( '01FB16ECS998' , 'hemanthvenki910@gmail.com' ,false,Null);
INSERT INTO student_link_login VALUES ( '01FB16ECS997' , 'siddarth.vinay@gmail.com' ,false,Null);

INSERT INTO student VALUES ('Rohit Raghavan','01FB15ECS243','rohit.raghavan@boohoo.com',3,'None','01','UE16CS335','UE16CS342','CSF01','CSF09');
INSERT INTO student VALUES ('Swathi Krishnan','01FB15ECS371','swathi.krishnan@boohoo.com',3,'None','01','UE16CS335','UE16CS345','CSF01','CSF12');
INSERT INTO student VALUES ('Abhishek Saseendran','01FB16ECS018','abhishek.saseendran@boohoo.com',3,'None','01','UE16CS335','UE16CS345','CSF01','CSF12');
INSERT INTO student VALUES ('Aishwarya P S','01FB16ECS035','aishwarya.p.s@boohoo.com',3,'None','01','UE16CS335','UE16CS345','CSF01','CSF12');
INSERT INTO student VALUES ('Aparna dvs','01FB16ECS068','aparna.dvs@boohoo.com',3,'None','01','UE16CS335','UE16CS342','CSF01','CSF09');
INSERT INTO student VALUES ('B Shashank','01FB16ECS086','b.shashank@boohoo.com',3,'None','01','UE16CS335','UE16CS342','CSF01','CSF14');
INSERT INTO student VALUES ('Chetan','01FB16ECS096','chetan@boohoo.com',3,'None','01','UE16CS335','UE16CS345','CSF01','CSF12');
INSERT INTO student VALUES ('Chirag Kavdia','01FB16ECS098 ','chirag.kavdia@boohoo.com',3,'None','01','UE16CS335','UE16CS346','CSF01','CSF16');
INSERT INTO student VALUES ('Debanik Mishra','01FB16ECS105','debanik.mishra@boohoo.com',3,'None','01','UE16CS335','UE16CS345','CSF01','CSF12');
INSERT INTO student VALUES ('Deepika H','01FB16ECS108','deepika.h@boohoo.com',3,'None','01','UE16CS335','UE16CS346','CSF01','CSF15');
INSERT INTO student VALUES ('Hemanth SVS','01FB16ECS134','hemanth.svs@boohoo.com',3,'None','01','UE16CS335','UE16CS342','CSF01','CSF11');
INSERT INTO student VALUES ('Hemant Kumar','01FB16ECS135','hemant.kumar@boohoo.com',3,'None','01','UE16CS335','UE16CS342','CSF01','CSF11');
INSERT INTO student VALUES ('Neha.M','01FB16ECS225','neha.m@boohoo.com',3,'None','01','UE16CS335','UE16CS342','CSF01','CSF14');
INSERT INTO student VALUES ('Pratheeksha D R','01FB16ECS269','pratheeksha.d.r@boohoo.com',3,'None','01','UE16CS335','UE16CS345','CSF01','CSF12');
INSERT INTO student VALUES ('Ritabhash Das','01FB16ECS303','ritabhash.das@boohoo.com',3,'None','01','UE16CS335','UE16CS342','CSF01','CSF11');
INSERT INTO student VALUES ('Ruqaiyanaaz Kittur','01FB16ECS316','ruqaiyanaaz.kittur@boohoo.com',3,'None','01','UE16CS335','UE16CS346','CSF01','CSF15');
INSERT INTO student VALUES ('Saahitya Edamadaka','01FB16ECS322','saahitya.edamadaka@boohoo.com',3,'None','01','UE16CS335','UE16CS347','CSF01','CSF13');
INSERT INTO student VALUES ('Shaik jameer','01FB16ECS347','shaik.jameer@boohoo.com',3,'None','01','UE16CS335','UE16CS342','CSF01','CSF09');
INSERT INTO student VALUES ('Shalini Sai Prasad','01FB16ECS350','shalini.sai.prasad@boohoo.com',3,'None','01','UE16CS335','UE16CS343','CSF01','CSF10');
INSERT INTO student VALUES ('Shardul pande','01FB16ECS353','shardul.pande@boohoo.com',3,'None','01','UE16CS335','UE16CS342','CSF01','CSF09');
INSERT INTO student VALUES ('Shivangi Jadon','01FB16ECS366 ','shivangi.jadon@boohoo.com',3,'None','01','UE16CS335','UE16CS345','CSF01','CSF12');
INSERT INTO student VALUES ('Subramanya r karthik','01FB16ECS398','subramanya.r.karthik@boohoo.com',3,'None','01','UE16CS335','UE16CS342','CSF01','CSF09');
INSERT INTO student VALUES ('Sushmeendra Rudravaram','01FB16ECS410','sushmeendra.rudravaram@boohoo.com',3,'None','01','UE16CS335','UE16CS342','CSF01','CSF09');
INSERT INTO student VALUES ('Aishwarya V','01FB16ECS428','aishwarya.v@boohoo.com',3,'None','01','UE16CS335','UE16CS347','CSF01','CSF13');
INSERT INTO student VALUES ('Yash Patil','01FB16ECS457','yash.patil@boohoo.com',3,'None','01','UE16CS335','UE16CS345','CSF01','CSF12');
INSERT INTO student VALUES ('Komma hithesh reddy','01FB16ECS470','komma.hithesh.reddy@boohoo.com',3,'None','01','UE16CS335','UE16CS342','CSF01','CSF09');
INSERT INTO student VALUES ('Bharamappa','01FB17ECS705','bharamappa@boohoo.com',3,'None','01','UE16CS335','UE16CS342','CSF01','CSF09');
INSERT INTO student VALUES ('A V Nithin','01FB16ECS003','a.v.nithin@boohoo.com',3,'None','01','UE16CS332','UE16CS342','CSF02','CSF11');
INSERT INTO student VALUES ('A S Swaroop','01FB16ECS004','a.s.swaroop@boohoo.com',3,'None','01','UE16CS332','UE16CS342','CSF02','CSF11');
INSERT INTO student VALUES ('Aby Babu Alappat','01FB16ECS020','aby.babu.alappat@boohoo.com',3,'None','01','UE16CS332','UE16CS342','CSF02','CSF09');
INSERT INTO student VALUES ('Aditya Arora','01FB16ECS026','aditya.arora@boohoo.com',3,'None','01','UE16CS332','UE16CS342','CSF02','CSF11');
INSERT INTO student VALUES ('Ajay Kumar K T','01FB16ECS037','ajay.kumar.k.t@boohoo.com',3,'None','01','UE16CS332','UE16CS342','CSF02','CSF11');
INSERT INTO student VALUES ('Akash H P','01FB16ECS040','akash.h.p@boohoo.com',3,'None','01','UE16CS332','UE16CS342','CSF02','CSF09');
INSERT INTO student VALUES ('Akash N','01FB16ECS041','akash.n@boohoo.com',3,'None','01','UE16CS332','UE16CS342','CSF02','CSF09');
INSERT INTO student VALUES ('A.Sampath kumar','01FB16ECS043','a.sampath.kumar@boohoo.com',3,'None','01','UE16CS332','UE16CS342','CSF02','CSF11');
INSERT INTO student VALUES ('Akshari nataraj','01FB16ECS046','akshari.nataraj@boohoo.com',3,'None','01','UE16CS332','UE16CS345','CSF02','CSF12');
INSERT INTO student VALUES ('Akshay ubale','01FB16ECS048','akshay.ubale@boohoo.com',3,'None','01','UE16CS332','UE16CS342','CSF02','CSF09');
INSERT INTO student VALUES ('Altamash Sameer','01FB16ECS051','altamash.sameer@boohoo.com',3,'None','01','UE16CS332','UE16CS346','CSF02','CSF17');
INSERT INTO student VALUES ('Amar Ananth','01FB16ECS053','amar.ananth@boohoo.com',3,'None','01','UE16CS332','UE16CS345','CSF02','CSF12');
INSERT INTO student VALUES ('Apurva Banka','01FB16ECS070','apurva.banka@boohoo.com',3,'None','01','UE16CS332','UE16CS346','CSF02','CSF17');
INSERT INTO student VALUES ('Ashish Sanu','01FB16ECS075','ashish.sanu@boohoo.com',3,'None','01','UE16CS332','UE16CS346','CSF02','CSF15');
INSERT INTO student VALUES ('Avinash','01FB16ECS083','avinash@boohoo.com',3,'None','01','UE16CS332','UE16CS346','CSF02','CSF17');
INSERT INTO student VALUES ('Bhavana.J','01FB16ECS088','bhavana.j@boohoo.com',3,'None','01','UE16CS332','UE16CS342','CSF02','CSF09');
INSERT INTO student VALUES ('Bhumika Ramesh','01FB16ECS090','bhumika.ramesh@boohoo.com',3,'None','01','UE16CS332','UE16CS342','CSF02','CSF09');
INSERT INTO student VALUES ('Bilal shakil belgaumwala','01FB16ECS091','bilal.shakil.belgaumwala@boohoo.com',3,'None','01','UE16CS332','UE16CS346','CSF02','CSF15');
INSERT INTO student VALUES ('Chandan Gajanana Bhatta','01FB16ECS094','chandan.gajanana.bhatta@boohoo.com',3,'None','01','UE16CS332','UE16CS345','CSF02','CSF12');
INSERT INTO student VALUES ('Devashish Narula','01FB16ECS110','devashish.narula@boohoo.com',3,'None','01','UE16CS332','UE16CS342','CSF02','CSF11');
INSERT INTO student VALUES ('Divya m','01FB16ECS116','divya.m@boohoo.com',3,'None','01','UE16CS332','UE16CS342','CSF02','CSF09');
INSERT INTO student VALUES ('Gurudas K Bhat','01FB16ECS125','gurudas.k.bhat@boohoo.com',3,'None','01','UE16CS332','UE16CS342','CSF02','CSF14');
INSERT INTO student VALUES ('Jashwanth k','01FB16ECS145','jashwanth.k@boohoo.com',3,'None','01','UE16CS332','UE16CS346','CSF02','CSF17');
INSERT INTO student VALUES ('Jeevan N M','01FB16ECS147','jeevan.n.m@boohoo.com',3,'None','01','UE16CS332','UE16CS346','CSF02','CSF16');
INSERT INTO student VALUES ('Karthik Janardhan','01FB16ECS155','karthik.janardhan@boohoo.com',3,'None','01','UE16CS332','UE16CS345','CSF02','CSF12');
INSERT INTO student VALUES ('Lakshmiprasad Manas','01FB16ECS176','lakshmiprasad.manas@boohoo.com',3,'None','01','UE16CS332','UE16CS342','CSF02','CSF09');
INSERT INTO student VALUES ('M Pradeep kumar','01FB16ECS183','m.pradeep.kumar@boohoo.com',3,'None','01','UE16CS332','UE16CS342','CSF02','CSF09');
INSERT INTO student VALUES ('M Sumukha','01FB16ECS185','m.sumukha@boohoo.com',3,'None','01','UE16CS332','UE16CS342','CSF02','CSF09');
INSERT INTO student VALUES ('Manthena Siva Sai Varma','01FB16ECS198','manthena.siva.sai.varma@boohoo.com',3,'None','01','UE16CS332','UE16CS342','CSF02','CSF09');
INSERT INTO student VALUES ('Meghana Ganesh','01FB16ECS205','meghana.ganesh@boohoo.com',3,'None','01','UE16CS332','UE16CS346','CSF02','CSF15');
INSERT INTO student VALUES ('Neha B Garg','01FB16ECS224','neha.b.garg@boohoo.com',3,'None','01','UE16CS332','UE16CS342','CSF02','CSF09');
INSERT INTO student VALUES ('Nikhita Uppaladinni','01FB16ECS231','nikhita.uppaladinni@boohoo.com',3,'None','01','UE16CS332','UE16CS342','CSF02','CSF09');
INSERT INTO student VALUES ('Omkaram Dhanush','01FB16ECS240','omkaram.dhanush@boohoo.com',3,'None','01','UE16CS332','UE16CS342','CSF02','CSF09');
INSERT INTO student VALUES ('Bhargava sai paritala','01FB16ECS246','bhargava.sai.paritala@boohoo.com',3,'None','01','UE16CS332','UE16CS342','CSF02','CSF11');
INSERT INTO student VALUES ('Paromita Roy','01FB16ECS247','paromita.roy@boohoo.com',3,'None','01','UE16CS332','UE16CS346','CSF02','CSF16');
INSERT INTO student VALUES ('P Sujith Varma','01FB16ECS250','p.sujith.varma@boohoo.com',3,'None','01','UE16CS332','UE16CS342','CSF02','CSF09');
INSERT INTO student VALUES ('Prajwal Nadagouda','01FB16ECS261','prajwal.nadagouda@boohoo.com',3,'None','01','UE16CS332','UE16CS342','CSF02','CSF14');
INSERT INTO student VALUES ('Prajwal S','01FB16ECS262','prajwal.s@boohoo.com',3,'None','01','UE16CS332','UE16CS342','CSF02','CSF09');
INSERT INTO student VALUES ('Pranav pahwa','01FB16ECS265','pranav.pahwa@boohoo.com',3,'None','01','UE16CS332','UE16CS342','CSF02','CSF14');
INSERT INTO student VALUES ('T A Prathith','01FB16ECS270','t.a.prathith@boohoo.com',3,'None','01','UE16CS332','UE16CS342','CSF02','CSF09');
INSERT INTO student VALUES ('Preetham Upadhya','01FB16ECS272','preetham.upadhya@boohoo.com',3,'None','01','UE16CS332','UE16CS342','CSF02','CSF11');
INSERT INTO student VALUES ('Preethishchandra B Yadagere','01FB16ECS273','preethishchandra.b.yadagere@boohoo.com',3,'None','01','UE16CS332','UE16CS342','CSF02','CSF11');
INSERT INTO student VALUES ('R Ruthuvikas','01FB16ECS281','r.ruthuvikas@boohoo.com',3,'None','01','UE16CS332','UE16CS342','CSF02','CSF11');
INSERT INTO student VALUES ('Raghav Goel','01FB16ECS285','raghav.goel@boohoo.com',3,'None','01','UE16CS332','UE16CS342','CSF02','CSF11');
INSERT INTO student VALUES ('Rahul Maheshwari','01FB16ECS289','rahul.maheshwari@boohoo.com',3,'None','01','UE16CS332','UE16CS342','CSF02','CSF11');
INSERT INTO student VALUES ('Rahul Sharma','01FB16ECS290','rahul.sharma@boohoo.com',3,'None','01','UE16CS332','UE16CS346','CSF02','CSF16');
INSERT INTO student VALUES ('Rakesh Reddy','01FB16ECS292','rakesh.reddy@boohoo.com',3,'None','01','UE16CS332','UE16CS342','CSF02','CSF09');
INSERT INTO student VALUES ('Ravindrakumar S Horatti','01FB16ECS300','ravindrakumar.s.horatti@boohoo.com',3,'None','01','UE16CS332','UE16CS342','CSF02','CSF09');
INSERT INTO student VALUES ('Rohan Sharath','01FB16ECS310','rohan.sharath@boohoo.com',3,'None','01','UE16CS332','UE16CS342','CSF02','CSF11');
INSERT INTO student VALUES ('Rohit R','01FB16ECS312','rohit.r@boohoo.com',3,'None','01','UE16CS332','UE16CS342','CSF02','CSF11');
INSERT INTO student VALUES ('Royal Mehta','01FB16ECS315','royal.mehta@boohoo.com',3,'None','01','UE16CS332','UE16CS346','CSF02','CSF15');
INSERT INTO student VALUES ('Sadhvi patil','01FB16ECS325','sadhvi.patil@boohoo.com',3,'None','01','UE16CS332','UE16CS342','CSF02','CSF09');
INSERT INTO student VALUES ('Sagar S Kumar','01FB16ECS326 ','sagar.s.kumar@boohoo.com',3,'None','01','UE16CS332','UE16CS342','CSF02','CSF09');
INSERT INTO student VALUES ('Sahitya Belgavi','01FB16ECS327','sahitya.belgavi@boohoo.com',3,'None','01','UE16CS332','UE16CS342','CSF02','CSF09');
INSERT INTO student VALUES ('Samyama Y','01FB16ECS338','samyama.y@boohoo.com',3,'None','01','UE16CS332','UE16CS342','CSF02','CSF09');
INSERT INTO student VALUES ('Shadan alam kaifee','01FB16ECS346','shadan.alam.kaifee@boohoo.com',3,'None','01','UE16CS332','UE16CS342','CSF02','CSF11');
INSERT INTO student VALUES ('Sharmishta Singh','01FB16ECS354','sharmishta.singh@boohoo.com',3,'None','01','UE16CS332','UE16CS342','CSF02','CSF09');
INSERT INTO student VALUES ('Shashank Shekhar Pathak','01FB16ECS359','shashank.shekhar.pathak@boohoo.com',3,'None','01','UE16CS332','UE16CS346','CSF02','CSF16');
INSERT INTO student VALUES ('Shubham Sharma','01FB16ECS380','shubham.sharma@boohoo.com',3,'None','01','UE16CS332','UE16CS342','CSF02','CSF09');
INSERT INTO student VALUES ('Sonam Rathod','01FB16ECS392','sonam.rathod@boohoo.com',3,'None','01','UE16CS332','UE16CS346','CSF02','CSF17');
INSERT INTO student VALUES ('Sreerama Priyanka','01FB16ECS395','sreerama.priyanka@boohoo.com',3,'None','01','UE16CS332','UE16CS342','CSF02','CSF09');
INSERT INTO student VALUES ('Suman Shaw','01FB16ECS400','suman.shaw@boohoo.com',3,'None','01','UE16CS332','UE16CS342','CSF02','CSF09');
INSERT INTO student VALUES ('Varshini N','01FB16ECS433','varshini.n@boohoo.com',3,'None','01','UE16CS332','UE16CS346','CSF02','CSF15');
INSERT INTO student VALUES ('Yeshaswini M','01FB16ECS459','yeshaswini.m@boohoo.com',3,'None','01','UE16CS332','UE16CS346','CSF02','CSF15');
INSERT INTO student VALUES ('Akshita Maheshwari','01FB16ECS462','akshita.maheshwari@boohoo.com',3,'None','01','UE16CS332','UE16CS345','CSF02','CSF12');
INSERT INTO student VALUES ('Amish Rohmetra','01FB16ECS463','amish.rohmetra@boohoo.com',3,'None','01','UE16CS332','UE16CS342','CSF02','CSF11');
INSERT INTO student VALUES ('Anant Ajmera','01FB16ECS464','anant.ajmera@boohoo.com',3,'None','01','UE16CS332','UE16CS342','CSF02','CSF11');
INSERT INTO student VALUES ('C Hemanth Kumar','01FB16ECS466','c.hemanth.kumar@boohoo.com',3,'None','01','UE16CS332','UE16CS342','CSF02','CSF09');
INSERT INTO student VALUES ('Paia Dondor Siangshai','01FB16ECS474','paia.dondor.siangshai@boohoo.com',3,'None','01','UE16CS332','UE16CS342','CSF02','CSF09');
INSERT INTO student VALUES ('Abhishek s','01FB17ECS700 ','abhishek.s@boohoo.com',3,'None','01','UE16CS332','UE16CS342','CSF02','CSF11');
INSERT INTO student VALUES ('Divya','01FB17ECS710 ','divya@boohoo.com',3,'None','01','UE16CS332','UE16CS342','CSF02','CSF11');
INSERT INTO student VALUES ('Inchara N','01FB17ECS714','inchara.n@boohoo.com',3,'None','01','UE16CS332','UE16CS342','CSF02','CSF09');
INSERT INTO student VALUES ('V Karthik Prabhu','01FB17ECS715','v.karthik.prabhu@boohoo.com',3,'None','01','UE16CS332','UE16CS342','CSF02','CSF09');
INSERT INTO student VALUES ('Komala v','01FB17ECS716','komala.v@boohoo.com',3,'None','01','UE16CS332','UE16CS342','CSF02','CSF11');
INSERT INTO student VALUES ('Madhushree.V','01FB17ECS718','madhushree.v@boohoo.com',3,'None','01','UE16CS332','UE16CS342','CSF02','CSF11');
INSERT INTO student VALUES ('Naveenkumar c s','01FB17ECS719','naveenkumar.c.s@boohoo.com',3,'None','01','UE16CS332','UE16CS342','CSF02','CSF09');
INSERT INTO student VALUES ('Nireeksha','01FB17ECS721','nireeksha@boohoo.com',3,'None','01','UE16CS332','UE16CS342','CSF02','CSF11');
INSERT INTO student VALUES ('Nishmitha K','01FB17ECS722 ','nishmitha.k@boohoo.com',3,'None','01','UE16CS332','UE16CS342','CSF02','CSF11');
INSERT INTO student VALUES ('Rekha H K','01FB17ECS724','rekha.h.k@boohoo.com',3,'None','01','UE16CS332','UE16CS342','CSF02','CSF11');
INSERT INTO student VALUES ('Sayyad mohasin','01FB17ECS726','sayyad.mohasin@boohoo.com',3,'None','01','UE16CS332','UE16CS342','CSF02','CSF09');
INSERT INTO student VALUES ('Suchithra k A','01FB17ECS728','suchithra.k.a@boohoo.com',3,'None','01','UE16CS332','UE16CS342','CSF02','CSF11');
INSERT INTO student VALUES ('Swaroop Raj Shetty U','01FB17ECS729','swaroop.raj.shetty.u@boohoo.com',3,'None','01','UE16CS332','UE16CS342','CSF02','CSF11');
INSERT INTO student VALUES ('Usha R','01FB17ECS730','usha.r@boohoo.com',3,'None','01','UE16CS332','UE16CS342','CSF02','CSF11');
INSERT INTO student VALUES ('Yashwanth A N','01FB17ECS732','yashwanth.a.n@boohoo.com',3,'None','01','UE16CS332','UE16CS342','CSF02','CSF11');
INSERT INTO student VALUES ('Anu c','01FB17ECS734','anu.c@boohoo.com',3,'None','01','UE16CS332','UE16CS342','CSF02','CSF11');
INSERT INTO student VALUES ('Sahana c','01FB17ECS738','sahana.c@boohoo.com',3,'None','01','UE16CS332','UE16CS342','CSF02','CSF11');
INSERT INTO student VALUES ('Abhinav Kumar','01FB16EEC007','abhinav.kumar@boohoo.com',3,'None','01','UE16CS332','UE16CS342','CSF02','CSF11');
INSERT INTO student VALUES ('Abhilash Jaysheel','01FB16ECS009','abhilash.jaysheel@boohoo.com',3,'None','01','UE16CS331','UE16CS343','CSF03','CSF10');
INSERT INTO student VALUES ('Abhiram Bellur','01FB16ECS013','abhiram.bellur@boohoo.com',3,'None','01','UE16CS331','UE16CS345','CSF03','CSF12');
INSERT INTO student VALUES ('Adapa Shivani','01FB16ECS022','adapa.shivani@boohoo.com',3,'None','01','UE16CS331','UE16CS345','CSF03','CSF12');
INSERT INTO student VALUES ('Aditya Anirudh Kulkarni','01FB16ECS025','aditya.anirudh.kulkarni@boohoo.com',3,'None','01','UE16CS331','UE16CS346','CSF03','CSF17');
INSERT INTO student VALUES ('Aditya girisha','01FB16ECS027','aditya.girisha@boohoo.com',3,'None','01','UE16CS331','UE16CS342','CSF03','CSF17');
INSERT INTO student VALUES ('Aditya K R','01FB16ECS028','aditya.k.r@boohoo.com',3,'None','01','UE16CS331','UE16CS345','CSF03','CSF12');
INSERT INTO student VALUES ('Aditya Pandey','01FB16ECS029','aditya.pandey@boohoo.com',3,'None','01','UE16CS331','UE16CS342','CSF03','CSF17');
INSERT INTO student VALUES ('Aditya Venkatesh','01FB16ECS032','aditya.venkatesh@boohoo.com',3,'None','01','UE16CS331','UE16CS345','CSF03','CSF12');
INSERT INTO student VALUES ('Akash Bhat','01FB16ECS038','akash.bhat@boohoo.com',3,'None','01','UE16CS331','UE16CS342','CSF03','CSF17');
INSERT INTO student VALUES ('Alonso VyasaSai Ashish Kumar','01FB16ECS044','alonso.vyasasai.ashish.kumar@boohoo.com',3,'None','01','UE16CS331','UE16CS346','CSF03','CSF15');
INSERT INTO student VALUES ('Animesh ND','01FB16ECS058','animesh.nd@boohoo.com',3,'None','01','UE16CS331','UE16CS347','CSF03','CSF13');
INSERT INTO student VALUES ('Anirudh Murthy','01FB16ECS059','anirudh.murthy@boohoo.com',3,'None','01','UE16CS331','UE16CS346','CSF03','CSF15');
INSERT INTO student VALUES ('Anirudh R Jakati','01FB16ECS060','anirudh.r.jakati@boohoo.com',3,'None','01','UE16CS331','UE16CS342','CSF03','CSF17');
INSERT INTO student VALUES ('Ashutosh Sharan','01FB16ECS077','ashutosh.sharan@boohoo.com',3,'None','01','UE16CS331','UE16CS346','CSF03','CSF17');
INSERT INTO student VALUES ('Ashwin Ashok','01FB16ECS078','ashwin.ashok@boohoo.com',3,'None','01','UE16CS331','UE16CS342','CSF03','CSF14');
INSERT INTO student VALUES ('D G Sudheer','01FB16ECS101','d.g.sudheer@boohoo.com',3,'None','01','UE16CS331','UE16CS346','CSF03','CSF15');
INSERT INTO student VALUES ('Gajendra K S','01FB16ECS120','gajendra.k.s@boohoo.com',3,'None','01','UE16CS331','UE16CS345','CSF03','CSF12');
INSERT INTO student VALUES ('Gnana Murthy K B','01FB16ECS121','gnana.murthy.k.b@boohoo.com',3,'None','01','UE16CS331','UE16CS345','CSF03','CSF12');
INSERT INTO student VALUES ('Gopal Nambiar','01FB16ECS122','gopal.nambiar@boohoo.com',3,'None','01','UE16CS331','UE16CS346','CSF03','CSF15');
INSERT INTO student VALUES ('Gourishankar','01FB16ECS123 ','gourishankar@boohoo.com',3,'None','01','UE16CS331','UE16CS346','CSF03','CSF17');
INSERT INTO student VALUES ('H Adarsha Nayak','01FB16ECS127','h.adarsha.nayak@boohoo.com',3,'None','01','UE16CS331','UE16CS345','CSF03','CSF12');
INSERT INTO student VALUES ('Hari Charan U','01FB16ECS128','hari.charan.u@boohoo.com',3,'None','01','UE16CS331','UE16CS346','CSF03','CSF15');
INSERT INTO student VALUES ('Harshith Arun Kumar','01FB16ECS131','harshith.arun.kumar@boohoo.com',3,'None','01','UE16CS331','UE16CS343','CSF03','CSF10');
INSERT INTO student VALUES ('Iresh Shankarayya Hiremath','01FB16ECS141','iresh.shankarayya.hiremath@boohoo.com',3,'None','01','UE16CS331','UE16CS346','CSF03','CSF15');
INSERT INTO student VALUES ('Ishaan Lodha','01FB16ECS142','ishaan.lodha@boohoo.com',3,'None','01','UE16CS331','UE16CS343','CSF03','CSF10');
INSERT INTO student VALUES ('JAYAPRIYA S','01FB16ECS146','jayapriya.s@boohoo.com',3,'None','01','UE16CS331','UE16CS342','CSF03','CSF14');
INSERT INTO student VALUES ('K.P. Rachita Rao','01FB16ECS149','k.p..rachita.rao@boohoo.com',3,'None','01','UE16CS331','UE16CS345','CSF03','CSF12');
INSERT INTO student VALUES ('Sree Hari K','01FB16ECS154','sree.hari.k@boohoo.com',3,'None','01','UE16CS331','UE16CS346','CSF03','CSF15');
INSERT INTO student VALUES ('Karthik Murali','01FB16ECS157','karthik.murali@boohoo.com',3,'None','01','UE16CS331','UE16CS342','CSF03','CSF14');
INSERT INTO student VALUES ('Kavali sai tanya','01FB16ECS161','kavali.sai.tanya@boohoo.com',3,'None','01','UE16CS331','UE16CS345','CSF03','CSF12');
INSERT INTO student VALUES ('Keshav Upadhyaya D','01FB16ECS165','keshav.upadhyaya.d@boohoo.com',3,'None','01','UE16CS331','UE16CS345','CSF03','CSF12');
INSERT INTO student VALUES ('Kunal Paliwal','01FB16ECS172','kunal.paliwal@boohoo.com',3,'None','01','UE16CS331','UE16CS345','CSF03','CSF12');
INSERT INTO student VALUES ('Lakshana Kolur','01FB16ECS175','lakshana.kolur@boohoo.com',3,'None','01','UE16CS331','UE16CS345','CSF03','CSF12');
INSERT INTO student VALUES ('Lavanya R','01FB16ECS179','lavanya.r@boohoo.com',3,'None','01','UE16CS331','UE16CS346','CSF03','CSF15');
INSERT INTO student VALUES ('Mehul Jain','01FB16ECS207','mehul.jain@boohoo.com',3,'None','01','UE16CS331','UE16CS345','CSF03','CSF12');
INSERT INTO student VALUES ('N Kantharvan','01FB16ECS216','n.kantharvan@boohoo.com',3,'None','01','UE16CS331','UE16CS346','CSF03','CSF15');
INSERT INTO student VALUES ('Nakul Srivathsa','01FB16ECS219','nakul.srivathsa@boohoo.com',3,'None','01','UE16CS331','UE16CS345','CSF03','CSF12');
INSERT INTO student VALUES ('Naveen Suresh','01FB16ECS222','naveen.suresh@boohoo.com',3,'None','01','UE16CS331','UE16CS346','CSF03','CSF15');
INSERT INTO student VALUES ('Nitin Verma','01FB16ECS238','nitin.verma@boohoo.com',3,'None','01','UE16CS331','UE16CS345','CSF03','CSF12');
INSERT INTO student VALUES ('Poorva Tiwari','01FB16ECS251','poorva.tiwari@boohoo.com',3,'None','01','UE16CS331','UE16CS342','CSF03','CSF14');
INSERT INTO student VALUES ('Preeti Agrawal','01FB16ECS274','preeti.agrawal@boohoo.com',3,'None','01','UE16CS331','UE16CS342','CSF03','CSF14');
INSERT INTO student VALUES ('Prerana Jayakumar','01FB16ECS275','prerana.jayakumar@boohoo.com',3,'None','01','UE16CS331','UE16CS345','CSF03','CSF12');
INSERT INTO student VALUES ('Priya Nayak','01FB16ECS277','priya.nayak@boohoo.com',3,'None','01','UE16CS331','UE16CS342','CSF03','CSF14');
INSERT INTO student VALUES ('Priyanka A','01FB16ECS278','priyanka.a@boohoo.com',3,'None','01','UE16CS331','UE16CS345','CSF03','CSF12');
INSERT INTO student VALUES ('R P Shreya Reddy','01FB16ECS280','r.p.shreya.reddy@boohoo.com',3,'None','01','UE16CS331','UE16CS342','CSF03','CSF11');
INSERT INTO student VALUES ('Rachana P R Aithal','01FB16ECS283','rachana.p.r.aithal@boohoo.com',3,'None','01','UE16CS331','UE16CS342','CSF03','CSF14');
INSERT INTO student VALUES ('Raghavendra MT','01FB16ECS288','raghavendra.mt@boohoo.com',3,'None','01','UE16CS331','UE16CS342','CSF03','CSF09');
INSERT INTO student VALUES ('Ranjitha Nayak','01FB16ECS298','ranjitha.nayak@boohoo.com',3,'None','01','UE16CS331','UE16CS345','CSF03','CSF12');
INSERT INTO student VALUES ('Rhiya Ramesh','01FB16ECS301','rhiya.ramesh@boohoo.com',3,'None','01','UE16CS331','UE16CS345','CSF03','CSF12');
INSERT INTO student VALUES ('Rhythm Girdhar','01FB16ECS302','rhythm.girdhar@boohoo.com',3,'None','01','UE16CS331','UE16CS342','CSF03','CSF14');
INSERT INTO student VALUES ('Rohan B Sahu','01FB16ECS305','rohan.b.sahu@boohoo.com',3,'None','01','UE16CS331','UE16CS346','CSF03','CSF15');
INSERT INTO student VALUES ('Rohan Chaudhari','01FB16ECS306','rohan.chaudhari@boohoo.com',3,'None','01','UE16CS331','UE16CS345','CSF03','CSF12');
INSERT INTO student VALUES ('Sai Indraneel Amara','01FB16ECS328','sai.indraneel.amara@boohoo.com',3,'None','01','UE16CS331','UE16CS342','CSF03','CSF09');
INSERT INTO student VALUES ('Sai Pranav','01FB16ECS329','sai.pranav@boohoo.com',3,'None','01','UE16CS331','UE16CS342','CSF03','CSF11');
INSERT INTO student VALUES ('Sai Srikar Komaravolu','01FB16ECS330','sai.srikar.komaravolu@boohoo.com',3,'None','01','UE16CS331','UE16CS346','CSF03','CSF15');
INSERT INTO student VALUES ('Sailesh Gaddalay','01FB16ECS331','sailesh.gaddalay@boohoo.com',3,'None','01','UE16CS331','UE16CS345','CSF03','CSF12');
INSERT INTO student VALUES ('Sankarshana H Rao','01FB16ECS342','sankarshana.h.rao@boohoo.com',3,'None','01','UE16CS331','UE16CS343','CSF03','CSF10');
INSERT INTO student VALUES ('Sharath Menon','01FB16ECS351','sharath.menon@boohoo.com',3,'None','01','UE16CS331','UE16CS346','CSF03','CSF16');
INSERT INTO student VALUES ('Shashank M Bongale','01FB16ECS355','shashank.m.bongale@boohoo.com',3,'None','01','UE16CS331','UE16CS346','CSF03','CSF15');
INSERT INTO student VALUES ('Shashank Prabhakar','01FB16ECS356','shashank.prabhakar@boohoo.com',3,'None','01','UE16CS331','UE16CS346','CSF03','CSF15');
INSERT INTO student VALUES ('Shashank S Shettar','01FB16ECS357','shashank.s.shettar@boohoo.com',3,'None','01','UE16CS331','UE16CS342','CSF03','CSF09');
INSERT INTO student VALUES ('Shashank Bhat','01FB16ECS358','shashank.bhat@boohoo.com',3,'None','01','UE16CS331','UE16CS345','CSF03','CSF12');
INSERT INTO student VALUES ('Shashikumar jutoor','01FB16ECS360','shashikumar.jutoor@boohoo.com',3,'None','01','UE16CS331','UE16CS342','CSF03','CSF09');
INSERT INTO student VALUES ('Shikhar Shrestha','01FB16ECS362','shikhar.shrestha@boohoo.com',3,'None','01','UE16CS331','UE16CS346','CSF03','CSF15');
INSERT INTO student VALUES ('Shirisha S Rao','01FB16ECS364','shirisha.s.rao@boohoo.com',3,'None','01','UE16CS331','UE16CS342','CSF03','CSF11');
INSERT INTO student VALUES ('Shivam Ganwani','01FB16ECS365 ','shivam.ganwani@boohoo.com',3,'None','01','UE16CS331','UE16CS346','CSF03','CSF15');
INSERT INTO student VALUES ('Shivani Vogiral','01FB16ECS367','shivani.vogiral@boohoo.com',3,'None','01','UE16CS331','UE16CS345','CSF03','CSF12');
INSERT INTO student VALUES ('Shrey Tiwari','01FB16ECS368','shrey.tiwari@boohoo.com',3,'None','01','UE16CS331','UE16CS346','CSF03','CSF15');
INSERT INTO student VALUES ('Shrijan S Shetty','01FB16ECS374','shrijan.s.shetty@boohoo.com',3,'None','01','UE16CS331','UE16CS345','CSF03','CSF12');
INSERT INTO student VALUES ('Shruthi Gopinath','01FB16ECS378','shruthi.gopinath@boohoo.com',3,'None','01','UE16CS331','UE16CS346','CSF03','CSF15');
INSERT INTO student VALUES ('Simran Bhatia','01FB16ECS383','simran.bhatia@boohoo.com',3,'None','01','UE16CS331','UE16CS342','CSF03','CSF14');
INSERT INTO student VALUES ('Sk saqlain mustaq','01FB16ECS388','sk.saqlain.mustaq@boohoo.com',3,'None','01','UE16CS331','UE16CS346','CSF03','CSF15');
INSERT INTO student VALUES ('Skanda.C.S','01FB16ECS389','skanda.c.s@boohoo.com',3,'None','01','UE16CS331','UE16CS346','CSF03','CSF16');
INSERT INTO student VALUES ('Sumair Ahmed Shariff','01FB16ECS399','sumair.ahmed.shariff@boohoo.com',3,'None','01','UE16CS331','UE16CS346','CSF03','CSF15');
INSERT INTO student VALUES ('Sumanth V Rao','01FB16ECS402','sumanth.v.rao@boohoo.com',3,'None','01','UE16CS331','UE16CS343','CSF03','CSF10');
INSERT INTO student VALUES ('Sumedh Basarkod','01FB16ECS403','sumedh.basarkod@boohoo.com',3,'None','01','UE16CS331','UE16CS343','CSF03','CSF10');
INSERT INTO student VALUES ('Sumukh','01FB16ECS404','sumukh@boohoo.com',3,'None','01','UE16CS331','UE16CS342','CSF03','CSF14');
INSERT INTO student VALUES ('Suraj Aralihalli','01FB16ECS405','suraj.aralihalli@boohoo.com',3,'None','01','UE16CS331','UE16CS343','CSF03','CSF10');
INSERT INTO student VALUES ('Suraj k a','01FB16ECS406','suraj.k.a@boohoo.com',3,'None','01','UE16CS331','UE16CS345','CSF03','CSF12');
INSERT INTO student VALUES ('Harshvardhan Surolia','01FB16ECS408','harshvardhan.surolia@boohoo.com',3,'None','01','UE16CS331','UE16CS346','CSF03','CSF15');
INSERT INTO student VALUES ('Tanmaya Udupa','01FB16ECS416','tanmaya.udupa@boohoo.com',3,'None','01','UE16CS331','UE16CS343','CSF03','CSF10');
INSERT INTO student VALUES ('Tejas Prashanth','01FB16ECS419','tejas.prashanth@boohoo.com',3,'None','01','UE16CS331','UE16CS343','CSF03','CSF10');
INSERT INTO student VALUES ('Utsav Chindalia','01FB16ECS425','utsav.chindalia@boohoo.com',3,'None','01','UE16CS331','UE16CS346','CSF03','CSF16');
INSERT INTO student VALUES ('v s meghana','01FB16ECS426','v.s.meghana@boohoo.com',3,'None','01','UE16CS331','UE16CS343','CSF03','CSF10');
INSERT INTO student VALUES ('Vaani Sundaresh','01FB16ECS429','vaani.sundaresh@boohoo.com',3,'None','01','UE16CS331','UE16CS345','CSF03','CSF12');
INSERT INTO student VALUES ('Varsha Venkatasubramanian','01FB16ECS432','varsha.venkatasubramanian@boohoo.com',3,'None','01','UE16CS331','UE16CS345','CSF03','CSF12');
INSERT INTO student VALUES ('Vibha puthran','01FB16ECS441','vibha.puthran@boohoo.com',3,'None','01','UE16CS331','UE16CS345','CSF03','CSF12');
INSERT INTO student VALUES ('Vijay CB','01FB16ECS443','vijay.cb@boohoo.com',3,'None','01','UE16CS331','UE16CS342','CSF03','CSF11');
INSERT INTO student VALUES ('Vishruth R G','01FB16ECS452','vishruth.r.g@boohoo.com',3,'None','01','UE16CS331','UE16CS346','CSF03','CSF16');
INSERT INTO student VALUES ('Ayushi S Mehta','01FB16ECS465','ayushi.s.mehta@boohoo.com',3,'None','01','UE16CS331','UE16CS345','CSF03','CSF12');
INSERT INTO student VALUES ('Harsh Kothari','01FB16ECS468','harsh.kothari@boohoo.com',3,'None','01','UE16CS331','UE16CS342','CSF03','CSF14');
INSERT INTO student VALUES ('Parul Tebriwal','01FB16ECS475','parul.tebriwal@boohoo.com',3,'None','01','UE16CS331','UE16CS345','CSF03','CSF12');
INSERT INTO student VALUES ('Sanjana U','01FB16ECS478','sanjana.u@boohoo.com',3,'None','01','UE16CS331','UE16CS346','CSF03','CSF15');
INSERT INTO student VALUES ('Akshara Gupta','01FB16ECS485','akshara.gupta@boohoo.com',3,'None','01','UE16CS331','UE16CS342','CSF03','CSF09');
INSERT INTO student VALUES ('Sriniketh M Shenoy','01FB16ECS486','sriniketh.m.shenoy@boohoo.com',3,'None','01','UE16CS331','UE16CS342','CSF03','CSF11');
INSERT INTO student VALUES ('Manmath Sahoo','01FB16ECS488','manmath.sahoo@boohoo.com',3,'None','01','UE16CS331','UE16CS346','CSF03','CSF16');
INSERT INTO student VALUES ('Nishant Shekhar','01FB16ECS489','nishant.shekhar@boohoo.com',3,'None','01','UE16CS331','UE16CS345','CSF03','CSF12');
INSERT INTO student VALUES ('Shrey Jain','01FB16ECS490','shrey.jain@boohoo.com',3,'None','01','UE16CS331','UE16CS345','CSF03','CSF12');
INSERT INTO student VALUES ('Abhijith Venugopal','01FB16ECS008','abhijith.venugopal@boohoo.com',3,'None','01','UE16CS333','UE16CS345','CSF04','CSF12');
INSERT INTO student VALUES ('Abhinav Hegde','01FB16ECS012','abhinav.hegde@boohoo.com',3,'None','01','UE16CS333','UE16CS342','CSF04','CSF11');
INSERT INTO student VALUES ('Abhishek Sinha','01FB16ECS014','abhishek.sinha@boohoo.com',3,'None','01','UE16CS333','UE16CS342','CSF04','CSF14');
INSERT INTO student VALUES ('Abhishek Narayanan','01FB16ECS016','abhishek.narayanan@boohoo.com',3,'None','01','UE16CS333','UE16CS345','CSF04','CSF12');
INSERT INTO student VALUES ('Abhishek Prasad','01FB16ECS017','abhishek.prasad@boohoo.com',3,'None','01','UE16CS333','UE16CS345','CSF04','CSF12');
INSERT INTO student VALUES ('Abijna Rao','01FB16ECS019','abijna.rao@boohoo.com',3,'None','01','UE16CS333','UE16CS345','CSF04','CSF12');
INSERT INTO student VALUES ('Advithi Nair','01FB16ECS033','advithi.nair@boohoo.com',3,'None','01','UE16CS333','UE16CS345','CSF04','CSF12');
INSERT INTO student VALUES ('Aishwarya Ajeet','01FB16ECS034','aishwarya.ajeet@boohoo.com',3,'None','01','UE16CS333','UE16CS345','CSF04','CSF12');
INSERT INTO student VALUES ('Akshay R','01FB16ECS049','akshay.r@boohoo.com',3,'None','01','UE16CS333','UE16CS343','CSF04','CSF10');
INSERT INTO student VALUES ('Alan Jacob','01FB16ECS050','alan.jacob@boohoo.com',3,'None','01','UE16CS333','UE16CS345','CSF04','CSF12');
INSERT INTO student VALUES ('Aman Bhat T','01FB16ECS052','aman.bhat.t@boohoo.com',3,'None','01','UE16CS333','UE16CS345','CSF04','CSF12');
INSERT INTO student VALUES ('Aniket Kumar','01FB16ECS057','aniket.kumar@boohoo.com',3,'None','01','UE16CS333','UE16CS345','CSF04','CSF12');
INSERT INTO student VALUES ('Anish kasi','01FB16ECS061','anish.kasi@boohoo.com',3,'None','01','UE16CS333','UE16CS342','CSF04','CSF11');
INSERT INTO student VALUES ('Anish M Rao','01FB16ECS062','anish.m.rao@boohoo.com',3,'None','01','UE16CS333','UE16CS345','CSF04','CSF12');
INSERT INTO student VALUES ('Anmol Garg','01FB16ECS065','anmol.garg@boohoo.com',3,'None','01','UE16CS333','UE16CS345','CSF04','CSF12');
INSERT INTO student VALUES ('Aprameya Bharadwaj','01FB16ECS069','aprameya.bharadwaj@boohoo.com',3,'None','01','UE16CS333','UE16CS342','CSF04','CSF11');
INSERT INTO student VALUES ('Arnav Chhabra','01FB16ECS071','arnav.chhabra@boohoo.com',3,'None','01','UE16CS333','UE16CS342','CSF04','CSF14');
INSERT INTO student VALUES ('Arvind Srinivasan','01FB16ECS074','arvind.srinivasan@boohoo.com',3,'None','01','UE16CS333','UE16CS345','CSF04','CSF12');
INSERT INTO student VALUES ('Ashish Singh','01FB16ECS076','ashish.singh@boohoo.com',3,'None','01','UE16CS333','UE16CS346','CSF04','CSF15');
INSERT INTO student VALUES ('Aswath S','01FB16ECS080','aswath.s@boohoo.com',3,'None','01','UE16CS333','UE16CS342','CSF04','CSF14');
INSERT INTO student VALUES ('D V Anudeep','01FB16ECS103','d.v.anudeep@boohoo.com',3,'None','01','UE16CS333','UE16CS342','CSF04','CSF14');
INSERT INTO student VALUES ('Deekshith Godavarthi','01FB16ECS106','deekshith.godavarthi@boohoo.com',3,'None','01','UE16CS333','UE16CS342','CSF04','CSF14');
INSERT INTO student VALUES ('Deepali Prabhu','01FB16ECS107','deepali.prabhu@boohoo.com',3,'None','01','UE16CS333','UE16CS342','CSF04','CSF14');
INSERT INTO student VALUES ('Dinesh Sathyanarayanan','01FB16ECS114','dinesh.sathyanarayanan@boohoo.com',3,'None','01','UE16CS333','UE16CS342','CSF04','CSF14');
INSERT INTO student VALUES ('Disha Aravind','01FB16ECS115','disha.aravind@boohoo.com',3,'None','01','UE16CS333','UE16CS345','CSF04','CSF12');
INSERT INTO student VALUES ('Dweepa Prasad Honnavalli','01FB16ECS138','dweepa.prasad.honnavalli@boohoo.com',3,'None','01','UE16CS333','UE16CS346','CSF04','CSF15');
INSERT INTO student VALUES ('Ishita Bhandari','01FB16ECS143','ishita.bhandari@boohoo.com',3,'None','01','UE16CS333','UE16CS346','CSF04','CSF15');
INSERT INTO student VALUES ('K Praneeth Kumar','01FB16ECS150','k.praneeth.kumar@boohoo.com',3,'None','01','UE16CS333','UE16CS346','CSF04','CSF15');
INSERT INTO student VALUES ('Kaushik Ravi','01FB16ECS160','kaushik.ravi@boohoo.com',3,'None','01','UE16CS333','UE16CS345','CSF04','CSF12');
INSERT INTO student VALUES ('Malaika Vijay','01FB16ECS189','malaika.vijay@boohoo.com',3,'None','01','UE16CS333','UE16CS345','CSF04','CSF12');
INSERT INTO student VALUES ('Manish Soni','01FB16ECS193','manish.soni@boohoo.com',3,'None','01','UE16CS333','UE16CS343','CSF04','CSF10');
INSERT INTO student VALUES ('Manjunath Bhadrannavar','01FB16ECS195','manjunath.bhadrannavar@boohoo.com',3,'None','01','UE16CS333','UE16CS346','CSF04','CSF15');
INSERT INTO student VALUES ('Megha Kalal','01FB16ECS203','megha.kalal@boohoo.com',3,'None','01','UE16CS333','UE16CS342','CSF04','CSF09');
INSERT INTO student VALUES ('Meghana','01FB16ECS204','meghana@boohoo.com',3,'None','01','UE16CS333','UE16CS346','CSF04','CSF15');
INSERT INTO student VALUES ('Mehul Garg','01FB16ECS206','mehul.garg@boohoo.com',3,'None','01','UE16CS333','UE16CS346','CSF04','CSF15');
INSERT INTO student VALUES ('Midhush Manohar T.K.','01FB16ECS208','midhush.manohar.t.k.@boohoo.com',3,'None','01','UE16CS333','UE16CS346','CSF04','CSF15');
INSERT INTO student VALUES ('Niharika Gurram','01FB16ECS229','niharika.gurram@boohoo.com',3,'None','01','UE16CS333','UE16CS346','CSF04','CSF15');
INSERT INTO student VALUES ('Nikhil V Revankar','01FB16ECS230','nikhil.v.revankar@boohoo.com',3,'None','01','UE16CS333','UE16CS345','CSF04','CSF12');
INSERT INTO student VALUES ('Ninaad R Rao','01FB16ECS232','ninaad.r.rao@boohoo.com',3,'None','01','UE16CS333','UE16CS346','CSF04','CSF15');
INSERT INTO student VALUES ('Nishant Ravi Shankar','01FB16ECS236','nishant.ravi.shankar@boohoo.com',3,'None','01','UE16CS333','UE16CS346','CSF04','CSF15');
INSERT INTO student VALUES ('Ornella Irene Dsouza','01FB16ECS241','ornella.irene.dsouza@boohoo.com',3,'None','01','UE16CS333','UE16CS346','CSF04','CSF15');
INSERT INTO student VALUES ('Patnala Prudhvi Raj','01FB16ECS249','patnala.prudhvi.raj@boohoo.com',3,'None','01','UE16CS333','UE16CS342','CSF04','CSF14');
INSERT INTO student VALUES ('Pragnya Suresh','01FB16ECS257','pragnya.suresh@boohoo.com',3,'None','01','UE16CS333','UE16CS345','CSF04','CSF12');
INSERT INTO student VALUES ('Pragya Agrawal','01FB16ECS258','pragya.agrawal@boohoo.com',3,'None','01','UE16CS333','UE16CS346','CSF04','CSF15');
INSERT INTO student VALUES ('Prajwal Kiran Kumar','01FB16ECS260','prajwal.kiran.kumar@boohoo.com',3,'None','01','UE16CS333','UE16CS343','CSF04','CSF10');
INSERT INTO student VALUES ('Prakhyat G Kulkarni','01FB16ECS263','prakhyat.g.kulkarni@boohoo.com',3,'None','01','UE16CS333','UE16CS343','CSF04','CSF10');
INSERT INTO student VALUES ('Preet Shah','01FB16ECS271','preet.shah@boohoo.com',3,'None','01','UE16CS333','UE16CS345','CSF04','CSF12');
INSERT INTO student VALUES ('Radhika Agarwal','01FB16ECS284','radhika.agarwal@boohoo.com',3,'None','01','UE16CS333','UE16CS343','CSF04','CSF10');
INSERT INTO student VALUES ('Raghav R Bongole','01FB16ECS286','raghav.r.bongole@boohoo.com',3,'None','01','UE16CS333','UE16CS343','CSF04','CSF10');
INSERT INTO student VALUES ('Rahul Shivaprasad','01FB16ECS291','rahul.shivaprasad@boohoo.com',3,'None','01','UE16CS333','UE16CS343','CSF04','CSF10');
INSERT INTO student VALUES ('Rasya Ramesh','01FB16ECS299','rasya.ramesh@boohoo.com',3,'None','01','UE16CS333','UE16CS343','CSF04','CSF10');
INSERT INTO student VALUES ('Rohan Mohapatra','01FB16ECS307','rohan.mohapatra@boohoo.com',3,'None','01','UE16CS333','UE16CS345','CSF04','CSF12');
INSERT INTO student VALUES ('Rohan Rajesh Talesara','01FB16ECS309','rohan.rajesh.talesara@boohoo.com',3,'None','01','UE16CS333','UE16CS346','CSF04','CSF15');
INSERT INTO student VALUES ('Rohit U Bogulla','01FB16ECS313','rohit.u.bogulla@boohoo.com',3,'None','01','UE16CS333','UE16CS342','CSF04','CSF09');
INSERT INTO student VALUES ('Roshan Neil','01FB16ECS314','roshan.neil@boohoo.com',3,'None','01','UE16CS333','UE16CS342','CSF04','CSF09');
INSERT INTO student VALUES ('S.S.Shreya','01FB16ECS319','s.s.shreya@boohoo.com',3,'None','01','UE16CS333','UE16CS342','CSF04','CSF14');
INSERT INTO student VALUES ('Saksham Goyal','01FB16ECS332','saksham.goyal@boohoo.com',3,'None','01','UE16CS333','UE16CS346','CSF04','CSF15');
INSERT INTO student VALUES ('Saloni Govil','01FB16ECS333','saloni.govil@boohoo.com',3,'None','01','UE16CS333','UE16CS346','CSF04','CSF15');
INSERT INTO student VALUES ('Samsrth M','01FB16ECS335','samsrth.m@boohoo.com',3,'None','01','UE16CS333','UE16CS343','CSF04','CSF10');
INSERT INTO student VALUES ('Sanat Bhandarkar','01FB16ECS339','sanat.bhandarkar@boohoo.com',3,'None','01','UE16CS333','UE16CS345','CSF04','CSF12');
INSERT INTO student VALUES ('Sandya Sivakumar','01FB16ECS340','sandya.sivakumar@boohoo.com',3,'None','01','UE16CS333','UE16CS345','CSF04','CSF12');
INSERT INTO student VALUES ('Sanjay K A','01FB16ECS341','sanjay.k.a@boohoo.com',3,'None','01','UE16CS333','UE16CS345','CSF04','CSF12');
INSERT INTO student VALUES ('Satyam Shivam Sundaram','01FB16ECS344','satyam.shivam.sundaram@boohoo.com',3,'None','01','UE16CS333','UE16CS346','CSF04','CSF15');
INSERT INTO student VALUES ('Shailesh','01FB16ECS349','shailesh@boohoo.com',3,'None','01','UE16CS333','UE16CS345','CSF04','CSF12');
INSERT INTO student VALUES ('Siddharth Itagi','01FB16ECS382','siddharth.itagi@boohoo.com',3,'None','01','UE16CS333','UE16CS343','CSF04','CSF10');
INSERT INTO student VALUES ('Srikumar Subramanian','01FB16ECS396','srikumar.subramanian@boohoo.com',3,'None','01','UE16CS333','UE16CS346','CSF04','CSF15');
INSERT INTO student VALUES ('Vaibhav B V','01FB16ECS430','vaibhav.b.v@boohoo.com',3,'None','01','UE16CS333','UE16CS347','CSF04','CSF13');
INSERT INTO student VALUES ('Vaibhav Pundir','01FB16ECS431','vaibhav.pundir@boohoo.com',3,'None','01','UE16CS333','UE16CS343','CSF04','CSF10');
INSERT INTO student VALUES ('Vedartham Bharath','01FB16ECS439','vedartham.bharath@boohoo.com',3,'None','01','UE16CS333','UE16CS346','CSF04','CSF16');
INSERT INTO student VALUES ('Vishal Rao','01FB16ECS450','vishal.rao@boohoo.com',3,'None','01','UE16CS333','UE16CS345','CSF04','CSF12');
INSERT INTO student VALUES ('Vishnu V Singh','01FB16ECS451','vishnu.v.singh@boohoo.com',3,'None','01','UE16CS333','UE16CS345','CSF04','CSF12');
INSERT INTO student VALUES ('Yamini Agarwal','01FB16ECS456','yamini.agarwal@boohoo.com',3,'None','01','UE16CS333','UE16CS342','CSF04','CSF14');
INSERT INTO student VALUES ('Manasa Jagadeesh','01FB16ECS471','manasa.jagadeesh@boohoo.com',3,'None','01','UE16CS333','UE16CS345','CSF04','CSF12');
INSERT INTO student VALUES ('K Vennela','01FB16ECS481','k.vennela@boohoo.com',3,'None','01','UE16CS333','UE16CS346','CSF04','CSF17');
INSERT INTO student VALUES ('Krishna Khurana','01FB16ECS482','krishna.khurana@boohoo.com',3,'None','01','UE16CS333','UE16CS346','CSF04','CSF15');
INSERT INTO student VALUES ('Rachana Aithal K R','01FB16ECS483','rachana.aithal.k.r@boohoo.com',3,'None','01','UE16CS333','UE16CS347','CSF04','CSF13');
INSERT INTO student VALUES ('Vikram G','01FB16ECS484','vikram.g@boohoo.com',3,'None','01','UE16CS333','UE16CS346','CSF04','CSF15');
INSERT INTO student VALUES ('Alka Simon','01FB16ECS487','alka.simon@boohoo.com',3,'None','01','UE16CS333','UE16CS345','CSF04','CSF12');
INSERT INTO student VALUES ('Annabathula abhishek','01FB16ECS001','annabathula.abhishek@boohoo.com',3,'None','01','UE16CS333','UE16CS345','CSF05','CSF12');
INSERT INTO student VALUES ('Adhishesh.M','01FB16ECS024','adhishesh.m@boohoo.com',3,'None','01','UE16CS333','UE16CS342','CSF05','CSF09');
INSERT INTO student VALUES ('Aditya Raj','01FB16ECS031','aditya.raj@boohoo.com',3,'None','01','UE16CS333','UE16CS342','CSF05','CSF11');
INSERT INTO student VALUES ('Akash GP','01FB16ECS039','akash.gp@boohoo.com',3,'None','01','UE16CS333','UE16CS342','CSF05','CSF09');
INSERT INTO student VALUES ('Akshay Bharadwaj','01FB16ECS047','akshay.bharadwaj@boohoo.com',3,'None','01','UE16CS333','UE16CS346','CSF05','CSF17');
INSERT INTO student VALUES ('Amith S Hande','01FB16ECS054','amith.s.hande@boohoo.com',3,'None','01','UE16CS333','UE16CS342','CSF05','CSF11');
INSERT INTO student VALUES ('Anup bujurke','01FB16ECS066','anup.bujurke@boohoo.com',3,'None','01','UE16CS333','UE16CS342','CSF05','CSF14');
INSERT INTO student VALUES ('Arpit Singh Nargundkar','01FB16ECS073','arpit.singh.nargundkar@boohoo.com',3,'None','01','UE16CS333','UE16CS342','CSF05','CSF11');
INSERT INTO student VALUES ('Devika Vishnu','01FB16ECS111','devika.vishnu@boohoo.com',3,'None','01','UE16CS333','UE16CS346','CSF05','CSF15');
INSERT INTO student VALUES ('Duvvuru mohith reddy','01FB16ECS117','duvvuru.mohith.reddy@boohoo.com',3,'None','01','UE16CS333','UE16CS342','CSF05','CSF11');
INSERT INTO student VALUES ('G Anirudh','01FB16ECS119','g.anirudh@boohoo.com',3,'None','01','UE16CS333','UE16CS342','CSF05','CSF14');
INSERT INTO student VALUES ('Harshith P S','01FB16ECS132','harshith.p.s@boohoo.com',3,'None','01','UE16CS333','UE16CS342','CSF05','CSF11');
INSERT INTO student VALUES ('K Rahul Kudva','01FB16ECS151','k.rahul.kudva@boohoo.com',3,'None','01','UE16CS333','UE16CS342','CSF05','CSF11');
INSERT INTO student VALUES ('Siddharth Kailasam','01FB16ECS153','siddharth.kailasam@boohoo.com',3,'None','01','UE16CS333','UE16CS345','CSF05','CSF12');
INSERT INTO student VALUES ('Maanvi Nunna','01FB16ECS187','maanvi.nunna@boohoo.com',3,'None','01','UE16CS333','UE16CS345','CSF05','CSF12');
INSERT INTO student VALUES ('Madan.R','01FB16ECS188','madan.r@boohoo.com',3,'None','01','UE16CS333','UE16CS342','CSF05','CSF14');
INSERT INTO student VALUES ('Manish Shetty M','01FB16ECS192','manish.shetty.m@boohoo.com',3,'None','01','UE16CS333','UE16CS346','CSF05','CSF15');
INSERT INTO student VALUES ('Mayank Rao','01FB16ECS199','mayank.rao@boohoo.com',3,'None','01','UE16CS333','UE16CS346','CSF05','CSF16');
INSERT INTO student VALUES ('Mayank Thakur','01FB16ECS200','mayank.thakur@boohoo.com',3,'None','01','UE16CS333','UE16CS345','CSF05','CSF12');
INSERT INTO student VALUES ('Miriam John K','01FB16ECS209','miriam.john.k@boohoo.com',3,'None','01','UE16CS333','UE16CS345','CSF05','CSF12');
INSERT INTO student VALUES ('Mohammed Faizan','01FB16ECS211','mohammed.faizan@boohoo.com',3,'None','01','UE16CS333','UE16CS342','CSF05','CSF11');
INSERT INTO student VALUES ('Muhammad Usman','01FB16ECS215','muhammad.usman@boohoo.com',3,'None','01','UE16CS333','UE16CS342','CSF05','CSF14');
INSERT INTO student VALUES ('Nakshatra Yalagach','01FB16ECS218','nakshatra.yalagach@boohoo.com',3,'None','01','UE16CS333','UE16CS346','CSF05','CSF16');
INSERT INTO student VALUES ('Naman Bansal','01FB16ECS220 ','naman.bansal@boohoo.com',3,'None','01','UE16CS333','UE16CS342','CSF05','CSF14');
INSERT INTO student VALUES ('Nandagopal Netrakanti Vinayak','01FB16ECS221','nandagopal.netrakanti.vinayak@boohoo.com',3,'None','01','UE16CS333','UE16CS342','CSF05','CSF11');
INSERT INTO student VALUES ('Neelesh C A','01FB16ECS223','neelesh.c.a@boohoo.com',3,'None','01','UE16CS333','UE16CS346','CSF05','CSF15');
INSERT INTO student VALUES ('Nesara B R','01FB16ECS226','nesara.b.r@boohoo.com',3,'None','01','UE16CS333','UE16CS345','CSF05','CSF12');
INSERT INTO student VALUES ('Nihal Pawar K N','01FB16ECS227','nihal.pawar.k.n@boohoo.com',3,'None','01','UE16CS333','UE16CS342','CSF05','CSF14');
INSERT INTO student VALUES ('Nihali S Shetty','01FB16ECS228','nihali.s.shetty@boohoo.com',3,'None','01','UE16CS333','UE16CS345','CSF05','CSF12');
INSERT INTO student VALUES ('Nishant Aklecha','01FB16ECS235','nishant.aklecha@boohoo.com',3,'None','01','UE16CS333','UE16CS346','CSF05','CSF15');
INSERT INTO student VALUES ('Omkar Metri','01FB16ECS239','omkar.metri@boohoo.com',3,'None','01','UE16CS333','UE16CS346','CSF05','CSF16');
INSERT INTO student VALUES ('P Abhishikta sai','01FB16ECS242','p.abhishikta.sai@boohoo.com',3,'None','01','UE16CS333','UE16CS346','CSF05','CSF15');
INSERT INTO student VALUES ('Pallavi Mishra','01FB16ECS243','pallavi.mishra@boohoo.com',3,'None','01','UE16CS333','UE16CS346','CSF05','CSF15');
INSERT INTO student VALUES ('Pradeep A','01FB16ECS253 ','pradeep.a@boohoo.com',3,'None','01','UE16CS333','UE16CS342','CSF05','CSF11');
INSERT INTO student VALUES ('Prajna Nagaraj','01FB16ECS259','prajna.nagaraj@boohoo.com',3,'None','01','UE16CS333','UE16CS346','CSF05','CSF16');
INSERT INTO student VALUES ('Prameet Patil','01FB16ECS264','prameet.patil@boohoo.com',3,'None','01','UE16CS333','UE16CS342','CSF05','CSF09');
INSERT INTO student VALUES ('R V Prithvi','01FB16ECS282','r.v.prithvi@boohoo.com',3,'None','01','UE16CS333','UE16CS342','CSF05','CSF11');
INSERT INTO student VALUES ('Rakshita M','01FB16ECS293','rakshita.m@boohoo.com',3,'None','01','UE16CS333','UE16CS345','CSF05','CSF12');
INSERT INTO student VALUES ('Ramesh S','01FB16ECS296','ramesh.s@boohoo.com',3,'None','01','UE16CS333','UE16CS342','CSF05','CSF09');
INSERT INTO student VALUES ('saahil Jain','01FB16ECS321','saahil.jain@boohoo.com',3,'None','01','UE16CS333','UE16CS345','CSF05','CSF12');
INSERT INTO student VALUES ('Samantha Lobo','01FB16ECS334','samantha.lobo@boohoo.com',3,'None','01','UE16CS333','UE16CS342','CSF05','CSF14');
INSERT INTO student VALUES ('Samhith s karkada','01FB16ECS336','samhith.s.karkada@boohoo.com',3,'None','01','UE16CS333','UE16CS343','CSF05','CSF10');
INSERT INTO student VALUES ('Shreyas Nitin Pujari','01FB16ECS371','shreyas.nitin.pujari@boohoo.com',3,'None','01','UE16CS333','UE16CS342','CSF05','CSF14');
INSERT INTO student VALUES ('Siri bhaskar hegde','01FB16ECS386','siri.bhaskar.hegde@boohoo.com',3,'None','01','UE16CS333','UE16CS342','CSF05','CSF09');
INSERT INTO student VALUES ('Srivamsi S','01FB16ECS397','srivamsi.s@boohoo.com',3,'None','01','UE16CS333','UE16CS345','CSF05','CSF12');
INSERT INTO student VALUES ('Nidhi Surapaneni','01FB16ECS407 ','nidhi.surapaneni@boohoo.com',3,'None','01','UE16CS333','UE16CS346','CSF05','CSF16');
INSERT INTO student VALUES ('Thejaswini M R','01FB16ECS422','thejaswini.m.r@boohoo.com',3,'None','01','UE16CS333','UE16CS342','CSF05','CSF09');
INSERT INTO student VALUES ('Tilakprasad pathak','01FB16ECS423','tilakprasad.pathak@boohoo.com',3,'None','01','UE16CS333','UE16CS342','CSF05','CSF09');
INSERT INTO student VALUES ('Vikram','01FB16ECS444','vikram@boohoo.com',3,'None','01','UE16CS333','UE16CS345','CSF05','CSF12');
INSERT INTO student VALUES ('Vinay Kumar S R','01FB16ECS446','vinay.kumar.s.r@boohoo.com',3,'None','01','UE16CS333','UE16CS342','CSF05','CSF11');
INSERT INTO student VALUES ('Vinayraj','01FB16ECS447','vinayraj@boohoo.com',3,'None','01','UE16CS333','UE16CS345','CSF05','CSF12');
INSERT INTO student VALUES ('Vipul raj','01FB16ECS448','vipul.raj@boohoo.com',3,'None','01','UE16CS333','UE16CS346','CSF05','CSF16');
INSERT INTO student VALUES ('Vivek R','01FB16ECS455','vivek.r@boohoo.com',3,'None','01','UE16CS333','UE16CS342','CSF05','CSF11');
INSERT INTO student VALUES ('naman mittal','01FB16ECS472','naman.mittal@boohoo.com',3,'None','01','UE16CS333','UE16CS345','CSF05','CSF12');
INSERT INTO student VALUES ('Nikita Hitesh Singh','01FB16ECS473 ','nikita.hitesh.singh@boohoo.com',3,'None','01','UE16CS333','UE16CS345','CSF05','CSF12');
INSERT INTO student VALUES ('Chandana M','01FB17ECS706','chandana.m@boohoo.com',3,'None','01','UE16CS333','UE16CS342','CSF05','CSF11');
INSERT INTO student VALUES ('Chethana m','01FB17ECS708','chethana.m@boohoo.com',3,'None','01','UE16CS333','UE16CS342','CSF05','CSF11');
INSERT INTO student VALUES ('Divya DV','01FB17ECS709','divya.dv@boohoo.com',3,'None','01','UE16CS333','UE16CS342','CSF05','CSF11');
INSERT INTO student VALUES ('Ranjith','01FB17ECS723','ranjith@boohoo.com',3,'None','01','UE16CS333','UE16CS342','CSF05','CSF11');
INSERT INTO student VALUES ('vivek yaligar','01FB17ECS731','vivek.yaligar@boohoo.com',3,'None','01','UE16CS333','UE16CS342','CSF05','CSF09');
INSERT INTO student VALUES ('Suraj S','01FB17ECS739','suraj.s@boohoo.com',3,'None','01','UE16CS333','UE16CS342','CSF05','CSF09');
INSERT INTO student VALUES ('A VIVEK REDDY','01FB16ECS002','a.vivek.reddy@boohoo.com',3,'None','01','UE16CS333','UE16CS345','CSF06','CSF12');
INSERT INTO student VALUES ('Aakansha Pant','01FB16ECS005','aakansha.pant@boohoo.com',3,'None','01','UE16CS333','UE16CS346','CSF06','CSF16');
INSERT INTO student VALUES ('Aayushi Sanghi','01FB16ECS006','aayushi.sanghi@boohoo.com',3,'None','01','UE16CS333','UE16CS345','CSF06','CSF12');
INSERT INTO student VALUES ('Abhin S Lingamaneni','01FB16ECS011','abhin.s.lingamaneni@boohoo.com',3,'None','01','UE16CS333','UE16CS345','CSF06','CSF12');
INSERT INTO student VALUES ('Achyutha B','01FB16ECS021','achyutha.b@boohoo.com',3,'None','01','UE16CS333','UE16CS342','CSF06','CSF14');
INSERT INTO student VALUES ('Adarsh Mishra','01FB16ECS023','adarsh.mishra@boohoo.com',3,'None','01','UE16CS333','UE16CS345','CSF06','CSF12');
INSERT INTO student VALUES ('Aditya R','01FB16ECS030','aditya.r@boohoo.com',3,'None','01','UE16CS333','UE16CS343','CSF06','CSF10');
INSERT INTO student VALUES ('Aiswarya Sriram','01FB16ECS036','aiswarya.sriram@boohoo.com',3,'None','01','UE16CS333','UE16CS345','CSF06','CSF12');
INSERT INTO student VALUES ('Akash Shetty','01FB16ECS042','akash.shetty@boohoo.com',3,'None','01','UE16CS333','UE16CS345','CSF06','CSF12');
INSERT INTO student VALUES ('Akshara S','01FB16ECS045','akshara.s@boohoo.com',3,'None','01','UE16CS333','UE16CS345','CSF06','CSF12');
INSERT INTO student VALUES ('Aneesh Padur Bhat','01FB16ECS056','aneesh.padur.bhat@boohoo.com',3,'None','01','UE16CS333','UE16CS343','CSF06','CSF10');
INSERT INTO student VALUES ('Ankit','01FB16ECS063','ankit@boohoo.com',3,'None','01','UE16CS333','UE16CS343','CSF06','CSF10');
INSERT INTO student VALUES ('Anmol Aeron','01FB16ECS064','anmol.aeron@boohoo.com',3,'None','01','UE16CS333','UE16CS342','CSF06','CSF11');
INSERT INTO student VALUES ('Anusha Agarwal','01FB16ECS067','anusha.agarwal@boohoo.com',3,'None','01','UE16CS333','UE16CS342','CSF06','CSF14');
INSERT INTO student VALUES ('arnav dubey','01FB16ECS072','arnav.dubey@boohoo.com',3,'None','01','UE16CS333','UE16CS342','CSF06','CSF11');
INSERT INTO student VALUES ('Aveek Saha','01FB16ECS082','aveek.saha@boohoo.com',3,'None','01','UE16CS333','UE16CS345','CSF06','CSF12');
INSERT INTO student VALUES ('Bhavani Shankar','01FB16ECS089','bhavani.shankar@boohoo.com',3,'None','01','UE16CS333','UE16CS342','CSF06','CSF14');
INSERT INTO student VALUES ('Chandresh L','01FB16ECS095','chandresh.l@boohoo.com',3,'None','01','UE16CS333','UE16CS342','CSF06','CSF14');
INSERT INTO student VALUES ('G GAUTHAM','01FB16ECS118','g.gautham@boohoo.com',3,'None','01','UE16CS333','UE16CS342','CSF06','CSF11');
INSERT INTO student VALUES ('Gundam Satyabhama Reddy','01FB16ECS124','gundam.satyabhama.reddy@boohoo.com',3,'None','01','UE16CS333','UE16CS345','CSF06','CSF12');
INSERT INTO student VALUES ('Guruprasad M','01FB16ECS126','guruprasad.m@boohoo.com',3,'None','01','UE16CS333','UE16CS342','CSF06','CSF14');
INSERT INTO student VALUES ('Hrishikesh S.','01FB16ECS139','hrishikesh.s.@boohoo.com',3,'None','01','UE16CS333','UE16CS346','CSF06','CSF16');
INSERT INTO student VALUES ('I Gautam Srinidhi','01FB16ECS140','i.gautam.srinidhi@boohoo.com',3,'None','01','UE16CS333','UE16CS342','CSF06','CSF11');
INSERT INTO student VALUES ('K P Arjun Rajesh','01FB16ECS148','k.p.arjun.rajesh@boohoo.com',3,'None','01','UE16CS333','UE16CS342','CSF06','CSF11');
INSERT INTO student VALUES ('KARTIK A NARAVAGOL','01FB16ECS159','kartik.a.naravagol@boohoo.com',3,'None','01','UE16CS333','UE16CS345','CSF06','CSF12');
INSERT INTO student VALUES ('Kavya Varma','01FB16ECS162','kavya.varma@boohoo.com',3,'None','01','UE16CS333','UE16CS345','CSF06','CSF12');
INSERT INTO student VALUES ('Keertan Krishnan','01FB16ECS163','keertan.krishnan@boohoo.com',3,'None','01','UE16CS333','UE16CS345','CSF06','CSF12');
INSERT INTO student VALUES ('Lalit Kishore Gattani','01FB16ECS178','lalit.kishore.gattani@boohoo.com',3,'None','01','UE16CS333','UE16CS342','CSF06','CSF14');
INSERT INTO student VALUES ('Lokesh Kumar T N','01FB16ECS180','lokesh.kumar.t.n@boohoo.com',3,'None','01','UE16CS333','UE16CS345','CSF06','CSF12');
INSERT INTO student VALUES ('Milan Maragiri','01FB16ECS182','milan.maragiri@boohoo.com',3,'None','01','UE16CS333','UE16CS345','CSF06','CSF12');
INSERT INTO student VALUES ('Mudit Jha','01FB16ECS214','mudit.jha@boohoo.com',3,'None','01','UE16CS333','UE16CS345','CSF06','CSF12');
INSERT INTO student VALUES ('Param Prabhakar','01FB16ECS245','param.prabhakar@boohoo.com',3,'None','01','UE16CS333','UE16CS342','CSF06','CSF14');
INSERT INTO student VALUES ('Pragati Kamble','01FB16ECS255','pragati.kamble@boohoo.com',3,'None','01','UE16CS333','UE16CS345','CSF06','CSF12');
INSERT INTO student VALUES ('Praneet S Y','01FB16ECS266','praneet.s.y@boohoo.com',3,'None','01','UE16CS333','UE16CS343','CSF06','CSF10');
INSERT INTO student VALUES ('Prerna Rao V','01FB16ECS276','prerna.rao.v@boohoo.com',3,'None','01','UE16CS333','UE16CS342','CSF06','CSF09');
INSERT INTO student VALUES ('Puneeth Karkera','01FB16ECS279','puneeth.karkera@boohoo.com',3,'None','01','UE16CS333','UE16CS342','CSF06','CSF09');
INSERT INTO student VALUES ('Rakshith J','01FB16ECS294','rakshith.j@boohoo.com',3,'None','01','UE16CS333','UE16CS345','CSF06','CSF12');
INSERT INTO student VALUES ('Rakshith Shetty','01FB16ECS295','rakshith.shetty@boohoo.com',3,'None','01','UE16CS333','UE16CS342','CSF06','CSF09');
INSERT INTO student VALUES ('Ramyani Ghosh','01FB16ECS297','ramyani.ghosh@boohoo.com',3,'None','01','UE16CS333','UE16CS345','CSF06','CSF12');
INSERT INTO student VALUES ('Ritik Kumar','01FB16ECS304','ritik.kumar@boohoo.com',3,'None','01','UE16CS333','UE16CS342','CSF06','CSF11');
INSERT INTO student VALUES ('Rohan R','01FB16ECS308 ','rohan.r@boohoo.com',3,'None','01','UE16CS333','UE16CS342','CSF06','CSF09');
INSERT INTO student VALUES ('S Akash Janardhan','01FB16ECS317','s.akash.janardhan@boohoo.com',3,'None','01','UE16CS333','UE16CS342','CSF06','CSF11');
INSERT INTO student VALUES ('S Jayasurya','01FB16ECS318','s.jayasurya@boohoo.com',3,'None','01','UE16CS333','UE16CS345','CSF06','CSF12');
INSERT INTO student VALUES ('S Swathi Reddy','01FB16ECS320','s.swathi.reddy@boohoo.com',3,'None','01','UE16CS333','UE16CS342','CSF06','CSF14');
INSERT INTO student VALUES ('Sachin S','01FB16ECS323','sachin.s@boohoo.com',3,'None','01','UE16CS333','UE16CS342','CSF06','CSF09');
INSERT INTO student VALUES ('Sayantan Nandy','01FB16ECS345','sayantan.nandy@boohoo.com',3,'None','01','UE16CS333','UE16CS345','CSF06','CSF12');
INSERT INTO student VALUES ('Sharath N','01FB16ECS352','sharath.n@boohoo.com',3,'None','01','UE16CS333','UE16CS342','CSF06','CSF11');
INSERT INTO student VALUES ('Shreyas BS','01FB16ECS370','shreyas.bs@boohoo.com',3,'None','01','UE16CS333','UE16CS342','CSF06','CSF09');
INSERT INTO student VALUES ('Shreyas C','01FB16ECS373','shreyas.c@boohoo.com',3,'None','01','UE16CS333','UE16CS342','CSF06','CSF11');
INSERT INTO student VALUES ('Shrijeet S Pai','01FB16ECS375','shrijeet.s.pai@boohoo.com',3,'None','01','UE16CS333','UE16CS342','CSF06','CSF11');
INSERT INTO student VALUES ('Shrushti','01FB16ECS376','shrushti@boohoo.com',3,'None','01','UE16CS333','UE16CS342','CSF06','CSF14');
INSERT INTO student VALUES ('Simrita Jayasimha','01FB16ECS384','simrita.jayasimha@boohoo.com',3,'None','01','UE16CS333','UE16CS342','CSF06','CSF11');
INSERT INTO student VALUES ('Sinchana Gowda','01FB16ECS385','sinchana.gowda@boohoo.com',3,'None','01','UE16CS333','UE16CS343','CSF06','CSF10');
INSERT INTO student VALUES ('Somak Mukherjee','01FB16ECS391','somak.mukherjee@boohoo.com',3,'None','01','UE16CS333','UE16CS343','CSF06','CSF10');
INSERT INTO student VALUES ('Sumant Patil','01FB16ECS401','sumant.patil@boohoo.com',3,'None','01','UE16CS333','UE16CS342','CSF06','CSF11');
INSERT INTO student VALUES ('T S VARUN','01FB16ECS415','t.s.varun@boohoo.com',3,'None','01','UE16CS333','UE16CS345','CSF06','CSF12');
INSERT INTO student VALUES ('Tarun Kaushik','01FB16ECS417','tarun.kaushik@boohoo.com',3,'None','01','UE16CS333','UE16CS345','CSF06','CSF12');
INSERT INTO student VALUES ('Taruni Sunder','01FB16ECS418','taruni.sunder@boohoo.com',3,'None','01','UE16CS333','UE16CS345','CSF06','CSF12');
INSERT INTO student VALUES ('Raj Subramanian U S','01FB16ECS424','raj.subramanian.u.s@boohoo.com',3,'None','01','UE16CS333','UE16CS342','CSF06','CSF14');
INSERT INTO student VALUES ('Varun M','01FB16ECS434','varun.m@boohoo.com',3,'None','01','UE16CS333','UE16CS342','CSF06','CSF14');
INSERT INTO student VALUES ('Varuna.K.S.','01FB16ECS435','varuna.k.s.@boohoo.com',3,'None','01','UE16CS333','UE16CS342','CSF06','CSF14');
INSERT INTO student VALUES ('Vedant Sethia','01FB16ECS437','vedant.sethia@boohoo.com',3,'None','01','UE16CS333','UE16CS342','CSF06','CSF11');
INSERT INTO student VALUES ('Vijay Bhargav Eshappa','01FB16ECS442','vijay.bhargav.eshappa@boohoo.com',3,'None','01','UE16CS333','UE16CS342','CSF06','CSF14');
INSERT INTO student VALUES ('Vinayaka R Kamath','01FB16ECS445','vinayaka.r.kamath@boohoo.com',3,'None','01','UE16CS333','UE16CS345','CSF06','CSF12');
INSERT INTO student VALUES ('Vishal S','01FB16ECS449','vishal.s@boohoo.com',3,'None','01','UE16CS333','UE16CS346','CSF06','CSF16');
INSERT INTO student VALUES ('Sandhya S','01FB16ECS477','sandhya.s@boohoo.com',3,'None','01','UE16CS333','UE16CS342','CSF06','CSF14');
INSERT INTO student VALUES ('Abdul qadir','01FB16ECS007','abdul.qadir@boohoo.com',3,'None','01','UE16CS336','UE16CS346','CSF07','CSF16');
INSERT INTO student VALUES ('Ashwin Siddharth S','01FB16ECS079','ashwin.siddharth.s@boohoo.com',3,'None','01','UE16CS336','UE16CS342','CSF07','CSF14');
INSERT INTO student VALUES ('B R Yogesh','01FB16ECS084','b.r.yogesh@boohoo.com',3,'None','01','UE16CS336','UE16CS345','CSF07','CSF12');
INSERT INTO student VALUES ('Bharath Chandra','01FB16ECS087','bharath.chandra@boohoo.com',3,'None','01','UE16CS336','UE16CS342','CSF07','CSF09');
INSERT INTO student VALUES ('Chirag n vijay','01FB16ECS099','chirag.n.vijay@boohoo.com',3,'None','01','UE16CS336','UE16CS343','CSF07','CSF10');
INSERT INTO student VALUES ('Christy Jacob','01FB16ECS100','christy.jacob@boohoo.com',3,'None','01','UE16CS336','UE16CS345','CSF07','CSF12');
INSERT INTO student VALUES ('Devang Shetty','01FB16ECS109','devang.shetty@boohoo.com',3,'None','01','UE16CS336','UE16CS342','CSF07','CSF11');
INSERT INTO student VALUES ('Dhanush Ravi','01FB16ECS112','dhanush.ravi@boohoo.com',3,'None','01','UE16CS336','UE16CS342','CSF07','CSF11');
INSERT INTO student VALUES ('Hariprasad Ashok','01FB16ECS129','hariprasad.ashok@boohoo.com',3,'None','01','UE16CS336','UE16CS342','CSF07','CSF14');
INSERT INTO student VALUES ('Keerthana Tk','01FB16ECS164','keerthana.tk@boohoo.com',3,'None','01','UE16CS336','UE16CS342','CSF07','CSF09');
INSERT INTO student VALUES ('Kusumanjali R','01FB16ECS173','kusumanjali.r@boohoo.com',3,'None','01','UE16CS336','UE16CS342','CSF07','CSF09');
INSERT INTO student VALUES ('M Karthik Rao','01FB16ECS181','m.karthik.rao@boohoo.com',3,'None','01','UE16CS336','UE16CS342','CSF07','CSF11');
INSERT INTO student VALUES ('Sarfaraz Malik','01FB16ECS343','sarfaraz.malik@boohoo.com',3,'None','01','UE16CS336','UE16CS342','CSF07','CSF09');
INSERT INTO student VALUES ('Shashwat Mishra','01FB16ECS361','shashwat.mishra@boohoo.com',3,'None','01','UE16CS336','UE16CS345','CSF07','CSF12');
INSERT INTO student VALUES ('Shreyas Sridhar','01FB16ECS372','shreyas.sridhar@boohoo.com',3,'None','01','UE16CS336','UE16CS342','CSF07','CSF09');
INSERT INTO student VALUES ('Shubham Mathur','01FB16ECS379','shubham.mathur@boohoo.com',3,'None','01','UE16CS336','UE16CS342','CSF07','CSF09');
INSERT INTO student VALUES ('Siri Prasad','01FB16ECS387','siri.prasad@boohoo.com',3,'None','01','UE16CS336','UE16CS342','CSF07','CSF09');
INSERT INTO student VALUES ('Sreeniketh P Aathreya','01FB16ECS393','sreeniketh.p.aathreya@boohoo.com',3,'None','01','UE16CS336','UE16CS345','CSF07','CSF12');
INSERT INTO student VALUES ('Swathi Reddy','01FB16ECS411','swathi.reddy@boohoo.com',3,'None','01','UE16CS336','UE16CS342','CSF07','CSF11');
INSERT INTO student VALUES ('Vivek Partal','01FB16ECS454','vivek.partal@boohoo.com',3,'None','01','UE16CS336','UE16CS342','CSF07','CSF09');
INSERT INTO student VALUES ('Yashas ND','01FB16ECS458','yashas.nd@boohoo.com',3,'None','01','UE16CS336','UE16CS347','CSF07','CSF13');
INSERT INTO student VALUES ('Aditya L','01FB16ECS461','aditya.l@boohoo.com',3,'None','01','UE16CS336','UE16CS342','CSF07','CSF09');
INSERT INTO student VALUES ('Devashish S Vaishnav','01FB16ECS480','devashish.s.vaishnav@boohoo.com',3,'None','01','UE16CS336','UE16CS342','CSF07','CSF09');
INSERT INTO student VALUES ('Akilesh.S','01FB17ECS701','akilesh.s@boohoo.com',3,'None','01','UE16CS336','UE16CS346','CSF07','CSF16');
INSERT INTO student VALUES ('Chethan G C','01FB17ECS707','chethan.g.c@boohoo.com',3,'None','01','UE16CS336','UE16CS347','CSF07','CSF13');
INSERT INTO student VALUES ('Harish k','01FB17ECS711','harish.k@boohoo.com',3,'None','01','UE16CS336','UE16CS343','CSF07','CSF10');
INSERT INTO student VALUES ('Harshit Jitendra Dave','01FB17ECS712','harshit.jitendra.dave@boohoo.com',3,'None','01','UE16CS336','UE16CS346','CSF07','CSF16');
INSERT INTO student VALUES ('Harshith H K','01FB17ECS713','harshith.h.k@boohoo.com',3,'None','01','UE16CS336','UE16CS342','CSF07','CSF11');
INSERT INTO student VALUES ('Abhimanyu Roy','01FB16ECS010','abhimanyu.roy@boohoo.com',3,'None','01','UE16CS331','UE16CS343','CSF08','CSF10');
INSERT INTO student VALUES ('Abhishek Mashetty','01FB16ECS015','abhishek.mashetty@boohoo.com',3,'None','01','UE16CS331','UE16CS342','CSF08','CSF11');
INSERT INTO student VALUES ('Amogh','01FB16ECS055','amogh@boohoo.com',3,'None','01','UE16CS331','UE16CS346','CSF08','CSF16');
INSERT INTO student VALUES ('B Rutvik','01FB16ECS085','b.rutvik@boohoo.com',3,'None','01','UE16CS331','UE16CS345','CSF08','CSF12');
INSERT INTO student VALUES ('Burada vivek','01FB16ECS092','burada.vivek@boohoo.com',3,'None','01','UE16CS331','UE16CS345','CSF08','CSF12');
INSERT INTO student VALUES ('Chethan M Nyamagoud','01FB16ECS097','chethan.m.nyamagoud@boohoo.com',3,'None','01','UE16CS331','UE16CS342','CSF08','CSF09');
INSERT INTO student VALUES ('D Ganesh Kumar Reddy','01FB16ECS102','d.ganesh.kumar.reddy@boohoo.com',3,'None','01','UE16CS331','UE16CS343','CSF08','CSF10');
INSERT INTO student VALUES ('Harish','01FB16ECS130','harish@boohoo.com',3,'None','01','UE16CS331','UE16CS342','CSF08','CSF11');
INSERT INTO student VALUES ('Hemanth M','01FB16ECS133','hemanth.m@boohoo.com',3,'None','01','UE16CS331','UE16CS342','CSF08','CSF11');
INSERT INTO student VALUES ('Hithendra l','01FB16ECS137','hithendra.l@boohoo.com',3,'None','01','UE16CS331','UE16CS343','CSF08','CSF10');
INSERT INTO student VALUES ('Jai Agarwal','01FB16ECS144','jai.agarwal@boohoo.com',3,'None','01','UE16CS331','UE16CS342','CSF08','CSF11');
INSERT INTO student VALUES ('Karthik Manjunath','01FB16ECS156','karthik.manjunath@boohoo.com',3,'None','01','UE16CS331','UE16CS345','CSF08','CSF12');
INSERT INTO student VALUES ('Karthik R','01FB16ECS158','karthik.r@boohoo.com',3,'None','01','UE16CS331','UE16CS342','CSF08','CSF14');
INSERT INTO student VALUES ('Kevin Paul Kodiyan','01FB16ECS166','kevin.paul.kodiyan@boohoo.com',3,'None','01','UE16CS331','UE16CS346','CSF08','CSF16');
INSERT INTO student VALUES ('Kiran S Hombal','01FB16ECS167','kiran.s.hombal@boohoo.com',3,'None','01','UE16CS331','UE16CS346','CSF08','CSF15');
INSERT INTO student VALUES ('Kothapeta Divya','01FB16ECS168 ','kothapeta.divya@boohoo.com',3,'None','01','UE16CS331','UE16CS346','CSF08','CSF15');
INSERT INTO student VALUES ('Krishna Sidharth Sagere','01FB16ECS169','krishna.sidharth.sagere@boohoo.com',3,'None','01','UE16CS331','UE16CS342','CSF08','CSF11');
INSERT INTO student VALUES ('Kudumula Sai Jaydeep','01FB16ECS170','kudumula.sai.jaydeep@boohoo.com',3,'None','01','UE16CS331','UE16CS346','CSF08','CSF15');
INSERT INTO student VALUES ('Kumar satyam','01FB16ECS171','kumar.satyam@boohoo.com',3,'None','01','UE16CS331','UE16CS346','CSF08','CSF16');
INSERT INTO student VALUES ('Lakkireddy Sai Chaitanya Reddy','01FB16ECS174','lakkireddy.sai.chaitanya.reddy@boohoo.com',3,'None','01','UE16CS331','UE16CS345','CSF08','CSF12');
INSERT INTO student VALUES ('Lakshmitha R','01FB16ECS177','lakshmitha.r@boohoo.com',3,'None','01','UE16CS331','UE16CS342','CSF08','CSF11');
INSERT INTO student VALUES ('M Vinay Rathnam','01FB16ECS186','m.vinay.rathnam@boohoo.com',3,'None','01','UE16CS331','UE16CS342','CSF08','CSF11');
INSERT INTO student VALUES ('Manish C','01FB16ECS191','manish.c@boohoo.com',3,'None','01','UE16CS331','UE16CS342','CSF08','CSF11');
INSERT INTO student VALUES ('Manoj H C','01FB16ECS197','manoj.h.c@boohoo.com',3,'None','01','UE16CS331','UE16CS343','CSF08','CSF10');
INSERT INTO student VALUES ('Medam V S D Chiranjeevi','01FB16ECS201','medam.v.s.d.chiranjeevi@boohoo.com',3,'None','01','UE16CS331','UE16CS342','CSF08','CSF09');
INSERT INTO student VALUES ('Mohammad aftab','01FB16ECS210','mohammad.aftab@boohoo.com',3,'None','01','UE16CS331','UE16CS342','CSF08','CSF09');
INSERT INTO student VALUES ('Mohit Kumar','01FB16ECS212','mohit.kumar@boohoo.com',3,'None','01','UE16CS331','UE16CS345','CSF08','CSF12');
INSERT INTO student VALUES ('Mridu Agrawal','01FB16ECS213','mridu.agrawal@boohoo.com',3,'None','01','UE16CS331','UE16CS342','CSF08','CSF09');
INSERT INTO student VALUES ('Nachiketh Atawale','01FB16ECS217','nachiketh.atawale@boohoo.com',3,'None','01','UE16CS331','UE16CS342','CSF08','CSF09');
INSERT INTO student VALUES ('Nitesh K','01FB16ECS234','nitesh.k@boohoo.com',3,'None','01','UE16CS331','UE16CS346','CSF08','CSF16');
INSERT INTO student VALUES ('Pandurang','01FB16ECS244','pandurang@boohoo.com',3,'None','01','UE16CS331','UE16CS342','CSF08','CSF11');
INSERT INTO student VALUES ('Parth Krishna','01FB16ECS248','parth.krishna@boohoo.com',3,'None','01','UE16CS331','UE16CS345','CSF08','CSF12');
INSERT INTO student VALUES ('Poorvi Achar','01FB16ECS252','poorvi.achar@boohoo.com',3,'None','01','UE16CS331','UE16CS342','CSF08','CSF11');
INSERT INTO student VALUES ('Pradeepa','01FB16ECS254','pradeepa@boohoo.com',3,'None','01','UE16CS331','UE16CS342','CSF08','CSF09');
INSERT INTO student VALUES ('Pragna Prasanna','01FB16ECS256','pragna.prasanna@boohoo.com',3,'None','01','UE16CS331','UE16CS342','CSF08','CSF14');
INSERT INTO student VALUES ('Prasad M Kalai','01FB16ECS267','prasad.m.kalai@boohoo.com',3,'None','01','UE16CS331','UE16CS342','CSF08','CSF09');
INSERT INTO student VALUES ('Prashant Yallatti','01FB16ECS268','prashant.yallatti@boohoo.com',3,'None','01','UE16CS331','UE16CS342','CSF08','CSF09');
INSERT INTO student VALUES ('Rohan Sharma','01FB16ECS311','rohan.sharma@boohoo.com',3,'None','01','UE16CS331','UE16CS346','CSF08','CSF16');
INSERT INTO student VALUES ('Sachin V','01FB16ECS324','sachin.v@boohoo.com',3,'None','01','UE16CS331','UE16CS346','CSF08','CSF16');
INSERT INTO student VALUES ('Shailendra Hegde','01FB16ECS348','shailendra.hegde@boohoo.com',3,'None','01','UE16CS331','UE16CS346','CSF08','CSF16');
INSERT INTO student VALUES ('Shreya Eswaraiah','01FB16ECS369','shreya.eswaraiah@boohoo.com',3,'None','01','UE16CS331','UE16CS342','CSF08','CSF14');
INSERT INTO student VALUES ('Shruthi C','01FB16ECS377','shruthi.c@boohoo.com',3,'None','01','UE16CS331','UE16CS346','CSF08','CSF16');
INSERT INTO student VALUES ('Sreenivas M Kandhade','01FB16ECS394','sreenivas.m.kandhade@boohoo.com',3,'None','01','UE16CS331','UE16CS343','CSF08','CSF10');
INSERT INTO student VALUES ('Surya teja a','01FB16ECS409','surya.teja.a@boohoo.com',3,'None','01','UE16CS331','UE16CS342','CSF08','CSF11');
INSERT INTO student VALUES ('Swati Maruvalli','01FB16ECS412','swati.maruvalli@boohoo.com',3,'None','01','UE16CS331','UE16CS342','CSF08','CSF14');
INSERT INTO student VALUES ('Swati Nagaraj Baleri','01FB16ECS413','swati.nagaraj.baleri@boohoo.com',3,'None','01','UE16CS331','UE16CS342','CSF08','CSF14');
INSERT INTO student VALUES ('T H Sanjana','01FB16ECS414 ','t.h.sanjana@boohoo.com',3,'None','01','UE16CS331','UE16CS342','CSF08','CSF11');
INSERT INTO student VALUES ('Tejas Vernekar','01FB16ECS420','tejas.vernekar@boohoo.com',3,'None','01','UE16CS331','UE16CS342','CSF08','CSF11');
INSERT INTO student VALUES ('Thanushree EG','01FB16ECS421','thanushree.eg@boohoo.com',3,'None','01','UE16CS331','UE16CS342','CSF08','CSF09');
INSERT INTO student VALUES ('V Vishwala','01FB16ECS427','v.vishwala@boohoo.com',3,'None','01','UE16CS331','UE16CS342','CSF08','CSF09');
INSERT INTO student VALUES ('Vedant Moktali','01FB16ECS436','vedant.moktali@boohoo.com',3,'None','01','UE16CS331','UE16CS345','CSF08','CSF12');
INSERT INTO student VALUES ('Vemula sai saketh','01FB16ECS440','vemula.sai.saketh@boohoo.com',3,'None','01','UE16CS331','UE16CS345','CSF08','CSF12');
INSERT INTO student VALUES ('Vishwas joshi','01FB16ECS453','vishwas.joshi@boohoo.com',3,'None','01','UE16CS331','UE16CS342','CSF08','CSF09');
INSERT INTO student VALUES ('Yashwanth Kumar','01FB16ECS467','yashwanth.kumar@boohoo.com',3,'None','01','UE16CS331','UE16CS345','CSF08','CSF12');
INSERT INTO student VALUES ('Nidheesh SN','01FB16ECS900','nidheesh.sn@boohoo.com',3,'None','01','UE16CS331','UE16CS342','CSF08','CSF14');
INSERT INTO student VALUES ('Akshay Jambagi','01FB17ECS702','akshay.jambagi@boohoo.com',3,'None','01','UE16CS331','UE16CS346','CSF08','CSF16');
INSERT INTO student VALUES ('Amala','01FB17ECS703','amala@boohoo.com',3,'None','01','UE16CS331','UE16CS346','CSF08','CSF16');
INSERT INTO student VALUES ('Rashi S Badardinni','01FB17ECS704','rashi.s.badardinni@boohoo.com',3,'None','01','UE16CS331','UE16CS346','CSF08','CSF16');
INSERT INTO student VALUES ('Likitha','01FB17ECS717','likitha@boohoo.com',3,'None','01','UE16CS331','UE16CS346','CSF08','CSF16');
INSERT INTO student VALUES ('Nethravathi S','01FB17ECS720','nethravathi.s@boohoo.com',3,'None','01','UE16CS331','UE16CS346','CSF08','CSF16');
INSERT INTO student VALUES ('Zainab Muskaan A','01FB17ECS733','zainab.muskaan.a@boohoo.com',3,'None','01','UE16CS331','UE16CS346','CSF08','CSF16');
INSERT INTO student VALUES ('Manjula K B','01FB17ECS735','manjula.k.b@boohoo.com',3,'None','01','UE16CS331','UE16CS346','CSF08','CSF16');
INSERT INTO student VALUES ('Prajwal h g','01FB17ECS737','prajwal.h.g@boohoo.com',3,'None','01','UE16CS331','UE16CS345','CSF08','CSF12');
INSERT INTO student VALUES ('C Anjana Keshav Das','01FB16ECS093','c.anjana.keshav.das@boohoo.com',3,'None','01','UE16CS333','UE16CS342','CSF06','CSF11');


INSERT INTO ADMIN_LOGIN VALUES ('admin@admin.com','b96482290a873ee9875236c0b4455988a10a7ec28bba60419d449429d0ced0e0',NULL);
INSERT INTO TEACHER_LOGIN VALUES ('admin@admin.com','b96482290a873ee9875236c0b4455988a10a7ec28bba60419d449429d0ced0e0',NULL);
INSERT INTO TEACHER_LOGIN VALUES ('rachana.jayaram@gmail.com','b96482290a873ee9875236c0b4455988a10a7ec28bba60419d449429d0ced0e0',NULL);